date,netWgt,fobvalue,price_usd_per_ton,chemical,sentiment_score
2020-01-01,144969933.226,55014913.614,379.49188766083535,Acetic Acid,-0.025091976230527502
2020-01-01,28885521.977,21500776.493,744.3443989040572,Formates,0.09014286128198323
2020-01-01,2820465771.957,674978218.7919999,239.31445135874193,KCL,0.04639878836228102
2020-01-01,31884378.16,11621563.415,364.49082860206545,PAC,0.01973169683940732
2020-01-01,1650663093.64,89684550.779,54.332438354352455,Sulphur,-0.0687962719115127
2020-01-01,1608418149.551,79606279.458,49.49352224122974,Sulphuric Acid,-0.06880109593275947
2020-01-01,2718783561.8999996,666284306.619,245.0670645343216,Urea,-0.08838327756636011
2020-01-01,991687313.816,2153265269.044,2171.3147269760498,Water Treatment Chemicals,0.07323522915498704
2020-02-01,123862372.884,50572796.005,408.29829775958353,Acetic Acid,0.02022300234864176
2020-02-01,22203589.405,14591142.339,657.1524122903406,Formates,0.0416145155592091
2020-02-01,3474284965.09,817977951.435,235.43778350196743,KCL,-0.09588310114083952
2020-02-01,25637174.962,12179481.037,475.0711049502413,PAC,0.09398197043239886
2020-02-01,1745794716.184,93361715.179,53.47806034324144,Sulphur,0.06648852816008435
2020-02-01,1102464373.572,59427427.112,53.90417009073437,Sulphuric Acid,-0.05753217786434477
2020-02-01,2328456284.956,562921100.228,241.75721222038635,Urea,-0.06363500655857988
2020-02-01,962135094.956,2077653057.985,2159.419263341615,Water Treatment Chemicals,-0.06331909802931324
2020-03-01,250157370.331,95984360.163,383.69591124177816,Acetic Acid,-0.6478788785202312
2020-03-01,31831674.647,18803248.784,590.7087513465814,Formates,-0.5376217841838811
2020-03-01,4609655123.426,1059649726.975,229.87614010209177,KCL,-0.5840274906789422
2020-03-01,37929754.546,13389301.108,353.00257721841774,PAC,-0.654385429900979
2020-03-01,1463099445.341,87655577.849,59.91088174363322,Sulphur,-0.4940735526388103
2020-03-01,1955470747.119,89675838.645,45.858951752216,Sulphuric Acid,-0.7302530696739791
2020-03-01,3008726264.226,733515118.261,243.7958969490028,Urea,-0.653927675732391
2020-03-01,1325514355.078,2947870257.586,2223.944423002897,Water Treatment Chemicals,-0.6168190783531542
2020-04-01,201975121.145,77554805.874,383.9819747815505,Acetic Acid,-0.5719650078914821
2020-04-01,22519702.026,14222626.051,631.5636874137741,Formates,-0.40741201930349324
2020-04-01,4608276741.867001,1008854880.128,218.9223730776359,KCL,-0.7001631089208202
2020-04-01,46886074.272,18170925.384,387.5548479189169,PAC,-0.5428827807931942
2020-04-01,1126802863.155,66984422.555,59.4464433356572,Sulphur,-0.5037927155689788
2020-04-01,1815400037.102,89007577.544,49.02918129608864,Sulphuric Acid,-0.7767747936400011
2020-04-01,2617405043.9049997,649821569.58,248.2693960925926,Urea,-0.49622757404928086
2020-04-01,1051100154.913,2410894434.387,2293.686689244709,Water Treatment Chemicals,-0.7147379381563543
2020-05-01,93212926.5,37337538.11,400.56180523417,Acetic Acid,-0.7674742035073603
2020-05-01,20926974.67,13512134.812,645.6802774923032,Formates,-0.3255572313733334
2020-05-01,4543858547.091,963391925.996,212.02066833985583,KCL,-0.31718398346272036
2020-05-01,27265604.38,9540354.292,349.9043761890012,PAC,-0.3958013259417695
2020-05-01,1616616211.574,94516413.276,58.46558546136016,Sulphur,-0.6476931154133148
2020-05-01,1357871185.533,71107878.853,52.367175627994705,Sulphuric Acid,-0.7511639429968081
2020-05-01,3226998334.506,791898921.292,245.3979950421098,Urea,-0.4578834867439216
2020-05-01,983651383.545,2349434607.264,2388.482999735971,Water Treatment Chemicals,-0.5799237531301994
2020-06-01,147465754.494,62620680.083,424.6455748174935,Acetic Acid,-0.7389808825776106
2020-06-01,17908921.49,11529128.265,643.7645210202995,Formates,-0.552411544944365
2020-06-01,4871141000.266,1015651360.55,208.50379007598795,KCL,-0.7828057394423908
2020-06-01,30033934.468,11003438.446,366.3668660435995,PAC,-0.345339798960609
2020-06-01,1931606477.137,110613382.856,57.264967872726125,Sulphur,-0.6706100091999916
2020-06-01,1257827654.181,50830648.969,40.41145764289702,Sulphuric Acid,-0.46873885782300906
2020-06-01,2935455071.686,680796728.776,231.92204007570777,Urea,-0.6441444619552945
2020-06-01,924413752.079,2112657895.175,2285.4029274485015,Water Treatment Chemicals,-0.5399659894110946
2020-07-01,191341022.848,70031192.383,366.0019756381898,Acetic Acid,-0.5266448603283602
2020-07-01,18095848.986,10206429.706,564.0204951918137,Formates,-0.7075727722372365
2020-07-01,4980964366.273,1025133178.535,205.81018115213993,KCL,-0.31520768611772076
2020-07-01,28264241.12,10825272.725,383.0024191712669,PAC,-0.41243358831944277
2020-07-01,1375306052.971,82668211.457,60.10895631442637,Sulphur,-0.3302505292179055
2020-07-01,1778139519.806,69840084.049,39.277055186659226,Sulphuric Acid,-0.35258632478617563
2020-07-01,2737653219.018,654602051.51,239.1106539581396,Urea,-0.5010500105944575
2020-07-01,1054992928.91,2581627874.2009997,2447.0570403427178,Water Treatment Chemicals,-0.33906288248844163
2020-08-01,190478772.671,75750398.556,397.68420120407905,Acetic Acid,-0.7557537489740402
2020-08-01,19715430.168,10934350.469,554.6087696705437,Formates,-0.7020085687904274
2020-08-01,4112353939.933,840539556.079,204.39377747059737,KCL,-0.777386355544731
2020-08-01,24216738.324,9299474.319,384.0101914048332,PAC,-0.6373348346183678
2020-08-01,1845647909.982,105059879.253,56.92303428232128,Sulphur,-0.605661355155259
2020-08-01,1761579623.775,66525844.798999995,37.76488096316507,Sulphuric Acid,-0.6643254841130521
2020-08-01,2714796999.899,636410816.234,234.4229849442432,Urea,-0.3856312454240354
2020-08-01,1017888330.039,2437660541.726,2394.8211898967365,Water Treatment Chemicals,-0.6216233366532053
2020-09-01,180043477.137,71251130.744,395.7440273705838,Acetic Acid,-0.6595327451563097
2020-09-01,20530552.612,12984040.16,632.4252642089574,Formates,-0.5286519584208758
2020-09-01,5002711552.96,996042788.964,199.10058343752848,KCL,-0.7295378875126187
2020-09-01,28840755.633,11147787.13,386.52895478385256,PAC,-0.3989015096229802
2020-09-01,1236933813.359,73368081.195,59.31447616890888,Sulphur,-0.7627246781601147
2020-09-01,1854359076.857,74043338.546,39.929342418135064,Sulphuric Acid,-0.3065565316997414
2020-09-01,3666596023.048,915968377.036,249.81437040739652,Urea,-0.41387761535167134
2020-09-01,1104562400.042,2740816264.932,2481.359373474765,Water Treatment Chemicals,-0.7006421592329138
2020-10-01,168570611.498,69566136.943,412.6824736815134,Acetic Acid,-0.7972389414381988
2020-10-01,24759941.116,12905808.722,521.2374561610003,Formates,-0.39226928577258297
2020-10-01,4547499918.431,900959992.131,198.1220469030494,KCL,-0.4465713280761915
2020-10-01,23918364.023,10217580.426,427.18558912201235,PAC,-0.4354964159795064
2020-10-01,1268978571.974,81252880.693,64.03014399731313,Sulphur,-0.4143648266570272
2020-10-01,1111356726.153,61984440.487,55.773667471794866,Sulphuric Acid,-0.7629776741329548
2020-10-01,3432213870.293,904013046.547,263.39065125618947,Urea,-0.6207671357278637
2020-10-01,1152745294.73,2831081837.69,2455.9474244942426,Water Treatment Chemicals,-0.7420654702374352
2020-11-01,220337538.755,86838959.381,394.11786058642906,Acetic Acid,-0.3684482870622033
2020-11-01,21196814.262,20756019.107,979.2046507766868,Formates,-0.4883509365862211
2020-11-01,3825301568.892,789346702.197,206.3488820374584,KCL,-0.6345509875736755
2020-11-01,25809325.398,9504771.312,368.2688782224636,PAC,-0.7682208248569882
2020-11-01,1680112108.754,102186679.224,60.82134560638539,Sulphur,-0.6445088391421689
2020-11-01,1450914479.156,74767972.155,51.531619009338634,Sulphuric Acid,-0.6374083389866265
2020-11-01,2925546376.4500003,766530920.587,262.0129103942443,Urea,-0.435196910830968
2020-11-01,1141439574.308,2763459914.618,2421.030404779292,Water Treatment Chemicals,-0.4812212643223935
2020-12-01,245895939.456,104227966.984,423.8702241874567,Acetic Acid,-0.3563936287118368
2020-12-01,32649590.522,18166613.122,556.4116680041958,Formates,-0.5638925374190253
2020-12-01,4597402147.143,958825463.47,208.55810146298617,KCL,-0.7402028770308492
2020-12-01,30188118.074,10664761.837,353.2768028420161,PAC,-0.44337760638850254
2020-12-01,1577458876.292,109827400.291,69.62298792166426,Sulphur,-0.4196074756915513
2020-12-01,1418223586.764,76359316.971,53.84152236900189,Sulphuric Acid,-0.5193614012152519
2020-12-01,3152071902.151,809538067.279,256.82728453198183,Urea,-0.41451641002271955
2020-12-01,1118863427.126,2938658399.875,2626.46747460811,Water Treatment Chemicals,-0.5531022018178047
2021-01-01,256689326.614,137527474.14,535.7740267354737,Acetic Acid,-0.538633585309003
2021-01-01,22965916.084,14754849.035,642.4672536916338,Formates,-0.5862294908207253
2021-01-01,4111869382.846,934599217.612,227.29302188220873,KCL,-0.7872904366279525
2021-01-01,27590982.735,10785062.467,390.890841786466,PAC,-0.7460542865033478
2021-01-01,1481549023.148,138494031.55900002,93.47920952674752,Sulphur,-0.784285407156633
2021-01-01,1177771704.036,57453522.225,48.78154401919972,Sulphuric Acid,-0.48179479436810985
2021-01-01,2617760210.1610003,744573633.0929999,284.43156489387025,Urea,-0.6428220094618367
2021-01-01,1138488462.765,2568836956.995,2256.357478367564,Water Treatment Chemicals,-0.5457146544176487
2021-02-01,191204987.696,114508593.159,598.8786931701758,Acetic Acid,-0.34621676303695353
2021-02-01,25033428.815,16352158.031,653.2128759445773,Formates,-0.6753538854255625
2021-02-01,3613057061.956,842586845.5830001,233.2060720698524,KCL,-0.5948085384821852
2021-02-01,25066185.02,9626432.457,384.0405889176669,PAC,-0.4222244307284757
2021-02-01,1638837640.171,162544512.218,99.18280385666498,Sulphur,-0.6856009172541888
2021-02-01,1012225685.715,52517504.098,51.88319644438138,Sulphuric Acid,-0.7615100450856036
2021-02-01,2283318736.192,684231974.258,299.66555409566973,Urea,-0.655124273543116
2021-02-01,1073427799.247,2856049682.941,2660.6816824983416,Water Treatment Chemicals,-0.7193893563729978
2021-03-01,204203472.082,132496406.666,648.8450236183777,Acetic Acid,-0.3351511738287135
2021-03-01,32885882.93,18970848.842,576.8690742584237,Formates,-0.39593981021779157
2021-03-01,4184893814.72,966168380.016,230.87046476964045,KCL,-0.4832981217447883
2021-03-01,30445318.28,11434308.658,375.5687016585198,PAC,-0.3642697049061412
2021-03-01,1391067594.795,147710331.61900002,106.1848699313335,Sulphur,-0.3981639615504428
2021-03-01,1777406412.345,89213065.46,50.19283425578385,Sulphuric Acid,-0.7067149705569822
2021-03-01,3134761644.665,979103852.277,312.33757563141074,Urea,-0.35372050075501116
2021-03-01,1483438270.738,3563910511.246,2402.4663388743365,Water Treatment Chemicals,-0.5303288790421747
2021-04-01,278110425.735,226228665.397,813.4490636196573,Acetic Acid,-0.3962799224179688
2021-04-01,20428476.439,12628767.018,618.1942669934222,Formates,-0.3519543500382534
2021-04-01,4083288695.203,967450994.834,236.92936430641072,KCL,-0.6409982625140681
2021-04-01,27679196.593,10824127.7,391.056426209184,PAC,-0.7449740377361617
2021-04-01,1751454697.794,241283471.433,137.76175412181797,Sulphur,-0.6860324187290292
2021-04-01,1339408033.94,78896836.874,58.9042583550266,Sulphuric Acid,-0.5864461056868719
2021-04-01,2894292740.649,984587988.491,340.1825857705815,Urea,-0.3909926170387535
2021-04-01,1217319797.994,2968981396.375,2438.949404476566,Water Treatment Chemicals,-0.3696347083718283
2021-05-01,246409687.916,211225202.545,857.2114364959781,Acetic Acid,-0.7965239347344046
2021-05-01,26005771.25,15740357.418,605.2640110798483,Formates,-0.5446263487112172
2021-05-01,4375136788.33,977865105.095,223.50503593471723,KCL,-0.5912944984256105
2021-05-01,27875068.809,11262314.106,404.0282082591217,PAC,-0.6889460947646349
2021-05-01,1621982324.179,236217649.698,145.6351565468301,Sulphur,-0.7400673163331586
2021-05-01,1077970854.57,77783842.806,72.15764923164623,Sulphuric Acid,-0.6311924142981861
2021-05-01,3032354219.499,1025792694.609,338.282608282643,Urea,-0.32854514804374046
2021-05-01,1214006149.702,2946670318.902,2427.228494374031,Water Treatment Chemicals,-0.6383985339896224
2021-06-01,200122914.063,195736749.56,978.08264723939,Acetic Acid,-0.5406046891283169
2021-06-01,32871322.641,22913535.204,697.067637169556,Formates,-0.4484905205524111
2021-06-01,3982652506.456,927030264.112,232.76704724031433,KCL,-0.618185198810353
2021-06-01,28097486.756,12770839.334,454.5189199625794,PAC,-0.3141089586395197
2021-06-01,1765299489.273,270884194.361,153.44942657438696,Sulphur,-0.31877635252894443
2021-06-01,1342846387.09,99475170.636,74.07784806389252,Sulphuric Acid,-0.674108852087318
2021-06-01,3235276328.505,1165955508.399,360.3882296316186,Urea,-0.5513757470538073
2021-06-01,1269164363.629,3473515106.612,2736.8520627855983,Water Treatment Chemicals,-0.6495608450916153
2021-07-01,228790180.996,234729687.154,1025.960494161696,Acetic Acid,0.1854521483132403
2021-07-01,24198505.172,17223711.904,711.7675981047579,Formates,0.11106608420635984
2021-07-01,3244537564.735,813524702.171,250.73671854295364,KCL,0.2828693001939691
2021-07-01,28516300.399,13929926.13,488.48994908499736,PAC,0.2508037069686585
2021-07-01,1966196323.415,324597919.10499996,165.08927172705728,Sulphur,0.11544362537499682
2021-07-01,1313969313.964,109486273.044,83.32483253638577,Sulphuric Acid,0.18359393927098344
2021-07-01,2749674023.924,1012394357.205,368.18704631767014,Urea,0.37247976578999614
2021-07-01,1207515966.47,3389823867.654,2807.270431018535,Water Treatment Chemicals,0.17186856720009175
2021-08-01,231180535.417,216428912.702,936.1900313605934,Acetic Acid,0.14346846162736693
2021-08-01,28492944.278,28418600.816,997.3908115189976,Formates,0.24683582808326893
2021-08-01,3173908167.376,856187848.3219999,269.75822965597825,KCL,0.39569513623318026
2021-08-01,27591786.623,15127599.991,548.2646048875253,PAC,0.17261658145345013
2021-08-01,1879290714.208,303690599.402,161.59852071103649,Sulphur,0.3016406642217636
2021-08-01,1210090299.738,98500680.205,81.39944616226298,Sulphuric Acid,0.32848588459861533
2021-08-01,3281645132.794,1317273195.721,401.4063502958562,Urea,0.17129126319771992
2021-08-01,1198079063.76,3255919616.087,2717.616653669551,Water Treatment Chemicals,0.3184649045835579
2021-09-01,223312564.942,201383716.015,901.801992500084,Acetic Acid,0.210334939815776
2021-09-01,28002447.853,18928907.749,675.9733237739814,Formates,0.2896917491780739
2021-09-01,4012350207.531,1229739077.854,306.4884704096455,KCL,0.29005891322826843
2021-09-01,30099644.367,13566292.299,450.7127105419731,PAC,0.2607324052224276
2021-09-01,2035322822.213,355490648.254,174.66057196149168,Sulphur,0.1270869310163225
2021-09-01,1263658446.526,100018904.873,79.15026813453272,Sulphuric Acid,0.3505907486767714
2021-09-01,3916626063.659,1649690297.06,421.2018891379235,Urea,0.19623401949152078
2021-09-01,1260869051.813,3412011342.581,2706.079063226176,Water Treatment Chemicals,0.1559555531199563
2021-10-01,165934244.167,150914928.827,909.4863425244266,Acetic Acid,0.11223254246642918
2021-10-01,34498167.554,26388460.949,764.9235544958767,Formates,0.2772678829564726
2021-10-01,3571960712.5,1261330234.64,353.11985101795824,KCL,0.30326930855268475
2021-10-01,24762630.029,9468832.533,382.3839601007997,PAC,0.10497634867835685
2021-10-01,1517015391.424,257252110.721,169.57778554871564,Sulphur,0.2536279174897843
2021-10-01,1770256366.84,153263365.41099998,86.5769321788025,Sulphuric Acid,0.1679487325593814
2021-10-01,3312536480.683,1579158716.377,476.7219095052498,Urea,0.293551837122835
2021-10-01,1215697166.067,3499967790.548,2878.9799698810093,Water Treatment Chemicals,0.15230992870149745
2021-11-01,346979663.277,336240100.136,969.0484363274442,Acetic Acid,0.30728132143073983
2021-11-01,31892351.774,29967908.515,939.6581577728336,Formates,0.21602060389016126
2021-11-01,3390400240.038,1348298778.6820002,397.6813010923124,KCL,0.3810189966210204
2021-11-01,34455560.905,13558504.021,393.50698885393746,PAC,0.141256283243798
2021-11-01,1781152406.16,314072079.451,176.33082849328449,Sulphur,0.20231990531507757
2021-11-01,1587278177.656,153419106.166,96.6554623667544,Sulphuric Acid,0.13404205637217673
2021-11-01,3264175215.445,2022732477.842,619.6764402447201,Urea,0.37740808548356886
2021-11-01,1287454014.086,3476204188.936,2700.060857244564,Water Treatment Chemicals,0.36320180601429436
2021-12-01,196926854.439,189708386.32,963.3444197361308,Acetic Acid,0.1773824883145467
2021-12-01,35004892.809999995,31697974.364,905.5298222465834,Formates,0.29799521381025373
2021-12-01,3390479764.999,1470855311.284,433.8192271395059,KCL,0.3451666600603648
2021-12-01,42217679.917,17951307.916,425.2083002024812,PAC,0.26656024347983875
2021-12-01,1724235710.954,327318416.561,189.83391567728196,Sulphur,0.25889517350680197
2021-12-01,1484276322.504,144139090.62,97.11068514307016,Sulphuric Acid,0.1725556872701355
2021-12-01,2939630944.437,1985039548.649,675.2682857708779,Urea,0.12793083034176977
2021-12-01,1275420403.252,3555386126.583,2787.618982350967,Water Treatment Chemicals,0.3691647273859981
2022-01-01,271874160.96,238548748.559,877.4233921924524,Acetic Acid,0.0800836114326661
2022-01-01,40167465.956,50466394.034,1256.399746234467,Formates,0.02662029145465359
2022-01-01,2139811986.583,920444910.075,430.15223573208885,KCL,-0.032194041790259864
2022-01-01,36921001.343,15323314.309,415.0297595302141,PAC,-0.030158085077467825
2022-01-01,1728021594.515,389329523.763,225.3036217827314,Sulphur,0.045191135774047875
2022-01-01,1581582161.583,173078348.60300002,109.43367521910244,Sulphuric Acid,0.07942205199051543
2022-01-01,2137206252.796,1622205974.619,759.0310820477664,Urea,0.07741728485302346
2022-01-01,1242069990.42,3296952852.886,2654.401827848003,Water Treatment Chemicals,0.055975109171524776
2022-02-01,172807353.714,147613605.317,854.2090492358549,Acetic Acid,-0.11478101230742736
2022-02-01,21699649.891,25616179.307,1180.488138549387,Formates,-0.4495160210029707
2022-02-01,2053237343.489,977649167.345,476.1501004475752,KCL,-0.40302277154323174
2022-02-01,34911351.892000005,14023513.359,401.68920992754545,PAC,0.039132513116247526
2022-02-01,1857906674.94,441756102.759,237.7708787623933,Sulphur,-0.13614256420424606
2022-02-01,1614063874.812,182268306.348,112.92508877272896,Sulphuric Acid,-0.4944817690300222
2022-02-01,2258141315.301,1554906853.672,688.5781873508381,Urea,-0.4391170742803807
2022-02-01,1118297205.069,3123603997.906,2793.1787576212987,Water Treatment Chemicals,-0.10189893853516653
2022-03-01,265599073.687,195558637.896,736.2926202312723,Acetic Acid,-0.4969630496922688
2022-03-01,25022538.603,25002259.785,999.1895779112688,Formates,-0.4035151691495008
2022-03-01,2989655421.491,1626367469.716,543.9983009496455,KCL,-0.17075972638004833
2022-03-01,39616890.879,16808199.263,424.2685099730943,PAC,-0.08486288138438407
2022-03-01,1687973015.423,444796726.025,263.5093819396962,Sulphur,-0.10882324429843969
2022-03-01,1871451315.875,229874836.868,122.83238944985412,Sulphuric Acid,-0.36543841432366414
2022-03-01,2672273383.178,1946538447.92,728.4204004625755,Urea,-0.0726924671914785
2022-03-01,1356949511.748,3827827945.81,2820.906682724735,Water Treatment Chemicals,-0.35765054750191994
2022-04-01,294646300.244,209350123.374,710.5133280161155,Acetic Acid,-0.30476018110443936
2022-04-01,25291880.432,22360514.062,884.0985201602031,Formates,-0.052105156929185534
2022-04-01,2736462613.279,1398155181.627,510.9352398393061,KCL,-0.11022026057167121
2022-04-01,32056562.931,14881777.209,464.2349599684849,PAC,0.00953404629650674
2022-04-01,1777786063.36,579858690.9549999,326.16899350592956,Sulphur,-0.10543226461979399
2022-04-01,1341342459.428,174278181.099,129.92817745687327,Sulphuric Acid,-0.15901483799871705
2022-04-01,2437774787.588,1971466149.688,808.7154562947228,Urea,-0.4437951393031445
2022-04-01,1288022231.593,3635541390.702,2822.576584105723,Water Treatment Chemicals,-0.2793705181643399
2022-05-01,241063173.602,173596206.649,720.1274423426065,Acetic Acid,-0.3408785793909647
2022-05-01,23235123.675,30654164.585,1319.302837108742,Formates,-0.3536062139725499
2022-05-01,3276836739.229,1954152970.23,596.3534731027792,KCL,0.08380633285146732
2022-05-01,34450723.412,15238793.48,442.3359503299129,PAC,-0.26414136519994375
2022-05-01,1548589473.146,543836031.38,351.18153701199,Sulphur,0.035227933106267956
2022-05-01,1636272242.921,216930279.991,132.5759090087269,Sulphuric Acid,-0.12131682440164228
2022-05-01,2634619134.738,2058085779.705,781.1701329306812,Urea,-0.02311321787501097
2022-05-01,1261847261.996,3235878094.929,2564.3976037246075,Water Treatment Chemicals,-0.19841774413688473
2022-06-01,185972586.424,132625010.695,713.1427983295745,Acetic Acid,-0.15385766922418453
2022-06-01,20600845.880000003,23512475.085,1141.335420009462,Formates,-0.20448938370868167
2022-06-01,2960505071.069,1941803810.7,655.9028828141273,KCL,-0.3828542073211733
2022-06-01,34650104.078999996,15142931.639,437.0241314275737,PAC,-0.06652873084309682
2022-06-01,2036513194.612,790682955.6620001,388.25329379348426,Sulphur,-0.3315365825354865
2022-06-01,1323577297.84,186931979.397,141.23238567332783,Sulphuric Acid,-0.4854104201411277
2022-06-01,2471767666.153,1827437164.484,739.3240026188139,Urea,-0.11271662245569933
2022-06-01,1263295038.176,3727944337.56,2950.9688749688803,Water Treatment Chemicals,-0.39373359235577066
2022-07-01,189974408.805,131787323.289,693.7109272663859,Acetic Acid,0.06427515061174856
2022-07-01,25511797.909999996,22187355.407,869.6899954002499,Formates,0.0723571462015524
2022-07-01,2635594118.681,1799577279.106,682.7975773472322,KCL,0.048918634132269094
2022-07-01,31966367.487,14720009.644,460.484277733036,PAC,-0.2779047798467334
2022-07-01,1579492743.2719998,601553756.885,380.8524980234165,Sulphur,-0.49072603008267957
2022-07-01,1314696554.22,181817914.601,138.29648675763912,Sulphuric Acid,0.056991137552635206
2022-07-01,2077481264.452,1413325751.959,680.3073395378169,Urea,-0.2430895110096114
2022-07-01,1206428991.097,3480751910.668,2885.16931900233,Water Treatment Chemicals,0.07999289142620172
2022-08-01,277143622.637,186035462.19,671.2601228918314,Acetic Acid,0.07817198625355168
2022-08-01,24894875.275,20879860.711000003,838.7212420368314,Formates,0.011805673280416021
2022-08-01,2738350271.261,1783975953.0830002,651.4783633802573,KCL,-0.3233306647582486
2022-08-01,30485956.088,14196020.305,465.6577036331785,PAC,-0.26894136283884484
2022-08-01,1885042826.029,434161040.915,230.3189269336636,Sulphur,0.010682002910114122
2022-08-01,1522419667.809,207879075.573,136.54518525248068,Sulphuric Acid,-0.3098467969062334
2022-08-01,2228837881.854,1541514610.558,691.6225819330259,Urea,-0.3983043519883445
2022-08-01,1097975806.732,2915114989.19,2654.99018404286,Water Treatment Chemicals,-0.1659192425249899
2022-09-01,266100321.895,160516438.968,603.2177557129671,Acetic Acid,0.06169286449646856
2022-09-01,22870311.917,20928002.926,915.0729120770652,Formates,-0.08238212199501621
2022-09-01,2542491207.712,1661967477.505,653.6767845897932,KCL,-0.15796329794638103
2022-09-01,34980108.761,15477035.771,442.452477113383,PAC,-0.44169410373753887
2022-09-01,1594817748.496,289632881.834,181.60876508123863,Sulphur,-0.13099566398049817
2022-09-01,1484113321.921,167913707.835,113.14075910164098,Sulphuric Acid,0.09403231006255794
2022-09-01,2705316162.31,1912946934.946,707.106607943592,Urea,-0.4159495908580856
2022-09-01,1236795253.475,3470857952.766,2806.3318831585075,Water Treatment Chemicals,-0.18900220858175798
2022-10-01,235940011.828,152800327.525,647.6236325544955,Acetic Acid,0.026423843156773243
2022-10-01,33679746.835,27716543.71,822.9439444953595,Formates,-0.05553882934747735
2022-10-01,2423447857.677,1584534809.771,653.83490911575,KCL,-0.08179055540283924
2022-10-01,30805105.264,13291619.732,431.4745759863734,PAC,-0.07850954960773446
2022-10-01,1724734372.533,315944643.412,183.18452304513048,Sulphur,-0.2843053092681469
2022-10-01,1520857716.698,129895450.042,85.40933751779333,Sulphuric Acid,-0.323844893441304
2022-10-01,2159930931.803,1616881809.069,748.5803297049456,Urea,-0.014383306712891848
2022-10-01,1156036169.124,3201095690.356,2769.027281198016,Water Treatment Chemicals,-0.013931963192491566
2022-11-01,193580078.171,121888359.331,629.6534255107039,Acetic Acid,0.020243391148062197
2022-11-01,32839908.81,27589552.681,840.1226946342425,Formates,0.04794433153388276
2022-11-01,2208621191.845,1364946148.972,618.0082641658323,KCL,-0.19319456068343732
2022-11-01,32968760.174,14968369.947,454.01676823760073,PAC,-0.19909022318768024
2022-11-01,1435877855.723,228419630.819,159.08012642481003,Sulphur,-0.021022892619934924
2022-11-01,1247841824.863,117535467.501,94.19099853773868,Sulphuric Acid,-0.11002164153334092
2022-11-01,2555292804.869,1811851179.354,709.0581462529834,Urea,-0.07881987364537801
2022-11-01,1184011735.461,3353767744.285,2832.546032982685,Water Treatment Chemicals,-0.022524398338339385
2022-12-01,245840117.097,140002841.975,569.4873710125988,Acetic Acid,0.03400320509053976
2022-12-01,37500398.838,37217957.968,992.468323571167,Formates,-0.29720290588907855
2022-12-01,2217834694.547,1308372473.662,589.9323682143224,KCL,-0.2746502284160336
2022-12-01,33530090.755,15087303.795,449.9631064300112,PAC,-0.4436108360954786
2022-12-01,1666540582.134,232933798.921,139.7708531182175,Sulphur,-0.15303191540229563
2022-12-01,1880275882.187,125401108.463,66.69293035718917,Sulphuric Acid,-0.47843463572195477
2022-12-01,2308016373.779,1451386502.794,628.8458432457269,Urea,-0.2206411891205239
2022-12-01,1114827488.701,2927970049.918,2626.3884588365136,Water Treatment Chemicals,-0.17441321917545405
2023-01-01,236160072.876,141208482.429,597.9354626264195,Acetic Acid,-0.32807524872302934
2023-01-01,34602808.235,31808320.015,919.2409991402538,Formates,-0.14550004365859356
2023-01-01,2356991798.663,1315362992.551,558.0685487735415,KCL,-0.48169985003657034
2023-01-01,28168435.511,13207569.268,468.87833947477617,PAC,-0.47759108675047135
2023-01-01,1148352702.158,187180721.245,162.99933016506816,Sulphur,-0.006439663604205066
2023-01-01,1371262799.471,119559077.539,87.18903304685506,Sulphuric Acid,-0.2838856151532423
2023-01-01,2874840478.451,1536561309.468,534.4857639878225,Urea,-0.42376369240886913
2023-01-01,1044612528.368,3135151935.577,3001.258218178805,Water Treatment Chemicals,-0.18665404396711738
2023-02-01,148975154.501,69566139.222,466.9647059942002,Acetic Acid,-0.038003868140833515
2023-02-01,26732207.466,27461089.024,1027.266044486863,Formates,-0.3705073835018941
2023-02-01,2436611441.005,1295200645.702,531.5581400897404,KCL,-0.12626571450859986
2023-02-01,27909861.035,11927672.168,427.3640830042922,PAC,-0.4487915210037392
2023-02-01,1408485300.793,209566828.863,148.78879370981758,Sulphur,-0.4689909672988354
2023-02-01,1148989730.323,95996192.109,83.54834649567658,Sulphuric Acid,-0.18118722105911123
2023-02-01,2278141226.418,1073289790.944,471.12522195630976,Urea,-0.1756189270339361
2023-02-01,1075705912.37,3149449066.544,2927.7974865873143,Water Treatment Chemicals,-0.11754205910107608
2023-03-01,186190396.859,96813833.028,519.9722147932049,Acetic Acid,-0.06434519976640309
2023-03-01,26616124.249,21464929.83,806.4633914836967,Formates,0.08551124767752075
2023-03-01,3014327485.524,1439894181.052,477.68339305100216,KCL,-0.19021979101928282
2023-03-01,32806894.989,15215896.35,463.80178176270016,PAC,-0.3062261162352524
2023-03-01,1517555744.127,209705412.601,138.18629952314316,Sulphur,-0.022888283138777814
2023-03-01,1193146795.964,92178744.361,77.25683434159869,Sulphuric Acid,-0.33750064924275547
2023-03-01,2399565747.184,1057495190.001,440.70273600213653,Urea,-0.23661714757661834
2023-03-01,1193658085.325,3190956256.767,2673.258193445061,Water Treatment Chemicals,-0.4529261711946404
2023-04-01,280644743.046,145246254.637,517.5448970130644,Acetic Acid,-0.4847895539507255
2023-04-01,24721464.224,19617190.776,793.5286760626141,Formates,0.07758904880675502
2023-04-01,3128184032.032,1341460261.574,428.83035263836973,KCL,0.0015880723073234773
2023-04-01,27237622.611,13074187.666,480.0047292203817,PAC,-0.08241547634378123
2023-04-01,1490545048.017,208566070.376,139.92604292870809,Sulphur,-0.2546282333514381
2023-04-01,954838714.006,78848064.885,82.57736487683358,Sulphuric Acid,-0.3960234079574925
2023-04-01,2433375849.392,916707251.194,376.7224251128518,Urea,-0.4061377743973484
2023-04-01,1074803581.392,2952056257.1949997,2746.600689003782,Water Treatment Chemicals,-0.3498542611012428
2023-05-01,208632485.65,99021392.049,474.6211585434371,Acetic Acid,-0.17046400117632773
2023-05-01,27485434.555000003,21714144.033,790.0236756143948,Formates,-0.07124244637996262
2023-05-01,2402910265.438,988878097.555,411.53351075086783,KCL,-0.10388157396936125
2023-05-01,34375010.736,15746892.132,458.0912644053,PAC,-0.33203966183243433
2023-05-01,1507401475.847,185169521.398,122.84021500904682,Sulphur,0.07291916839791643
2023-05-01,1219520832.236,80806368.887,66.26075319996048,Sulphuric Acid,-0.05726184998253891
2023-05-01,2469283859.879,911265226.68,369.0402879499863,Urea,-0.1673875684931596
2023-05-01,1129980374.436,3388381105.406,2998.6194292066543,Water Treatment Chemicals,-0.13296755225938867
2023-06-01,135498071.611,78663009.253,580.5470758198893,Acetic Acid,-0.24823996254332606
2023-06-01,32548929.556,27260766.02,837.5318756058693,Formates,-0.3513614062993055
2023-06-01,2714282603.204,1008167668.336,371.43061932679245,KCL,-0.2864163928092431
2023-06-01,32388406.209,14601288.117,450.8183583588202,PAC,-0.045292333721378544
2023-06-01,1359163722.854,148007241.863,108.89581540052536,Sulphur,-0.4913639068221465
2023-06-01,1185510559.911,83401710.764,70.35087968365396,Sulphuric Acid,-0.43035641569585026
2023-06-01,2059621571.835,760459575.603,369.22296115080786,Urea,-0.47239841478694833
2023-06-01,1110954033.165,3419104347.68,3077.628997789678,Water Treatment Chemicals,-0.47556271860861793
2023-07-01,197428478.002,96252465.029,487.5308061080475,Acetic Acid,0.013276350406604312
2023-07-01,7195346.374,8279373.749,1150.6567326511306,Formates,-0.0778052843719858
2023-07-01,2360773890.227,815437260.468,345.41099587880973,KCL,-0.2154957025476049
2023-07-01,31457045.222,13333316.566,423.85788213430567,PAC,-0.4412995036093991
2023-07-01,1422762241.869,147600692.515,103.74234581956964,Sulphur,-0.2050304749299006
2023-07-01,1070326741.477,68780631.754,64.26134103599617,Sulphuric Acid,-0.2159169375316606
2023-07-01,2437977746.949,855657291.612,350.9700991663315,Urea,-0.3960788780539909
2023-07-01,1061516992.999,3277272332.902,3087.3479694781367,Water Treatment Chemicals,-0.2396890104572162
2023-08-01,132228558.081,64874006.308000006,490.6202355187128,Acetic Acid,-0.2608971593615759
2023-08-01,32513361.295,21399875.428,658.1871137171825,Formates,-0.13048994116867013
2023-08-01,3100336708.2669997,1054263048.833,340.0479199636039,KCL,-0.11894380947941373
2023-08-01,30112028.986,14359268.814,476.8615499366071,PAC,-0.47281759413677327
2023-08-01,1441375956.199,148386838.592,102.94804624277592,Sulphur,-0.2752324312241173
2023-08-01,1449378008.787,81398975.887,56.161315677146,Sulphuric Acid,-0.12448405057145819
2023-08-01,2774050403.595,921772058.418,332.2838176348345,Urea,-0.1981182448519474
2023-08-01,1087913906.94,3397168925.455,3122.6450032340276,Water Treatment Chemicals,0.013893904712993347
2023-09-01,128690038.173,67286062.848,522.8537018346852,Acetic Acid,-0.10478382102863301
2023-09-01,28288521.042000003,19429505.821,686.8335673028996,Formates,-0.4022393437511422
2023-09-01,2992168004.07,922201379.986,308.20508030685625,KCL,-0.4576587515597421
2023-09-01,29659785.92,13802290.359,465.3536743733854,PAC,-0.11454843307621064
2023-09-01,1432937170.986,128449825.36,89.64093329480318,Sulphur,-0.4840932136750269
2023-09-01,1090040046.459,75665684.253,69.41550863089877,Sulphuric Acid,-0.14853465123592202
2023-09-01,3442741577.27,1271927000.202,369.4517789542029,Urea,0.06413814485497453
2023-09-01,1067110582.556,3015670488.405,2826.014976987395,Water Treatment Chemicals,-0.15471549327447265
2023-10-01,188643860.048,100173094.378,531.0169880562834,Acetic Acid,-0.26709804427608685
2023-10-01,34802799.067999996,23206402.473,666.7970132993559,Formates,-0.11402706893458811
2023-10-01,3020361655.993,930525951.802,308.08428187917525,KCL,-0.22504826570509004
2023-10-01,28509059.607,12146205.155,426.04720472848106,PAC,-0.17262992641043906
2023-10-01,1279752568.535,130555831.37,102.0164636351964,Sulphur,0.06487888526591508
2023-10-01,1157485516.841,74161089.508,64.07085741374962,Sulphuric Acid,-0.26833841731953545
2023-10-01,3054387256.06,1172610797.967,383.91032297574696,Urea,0.07671433829434851
2023-10-01,1188232460.679,3214082559.047,2704.9274156425204,Water Treatment Chemicals,0.043210385173638226
2023-11-01,172302269.96899998,85760623.09300001,497.73356502168986,Acetic Acid,-0.3825253191264221
2023-11-01,38561411.543000005,31285731.577,811.3222603927022,Formates,-0.45838321947490074
2023-11-01,2820249704.049,856340066.318,303.6398036275165,KCL,-0.439533199173544
2023-11-01,33235069.88,13510004.311,406.4984475669771,PAC,-0.48906690460907015
2023-11-01,1243569968.448,123622270.221,99.40917950542264,Sulphur,-0.443334223546443
2023-11-01,1440601855.851,91986022.087,63.85249450665293,Sulphuric Acid,-0.09019593595018591
2023-11-01,2513538145.959,1020757245.404,406.1037414709878,Urea,-0.4572868109238626
2023-11-01,1182352477.157,3554119508.879,3005.97290363444,Water Treatment Chemicals,-0.3086146218237432
2023-12-01,269850240.881,117704299.838,436.1837864354766,Acetic Acid,0.0069251865816727185
2023-12-01,33541826.791,25092170.151,748.085973592016,Formates,-0.4860368385585045
2023-12-01,3266753374.9449997,932254757.436,285.3765345697993,KCL,-0.011318910446638549
2023-12-01,31982150.881,14641045.213,457.7880101772008,PAC,-0.3308871351359601
2023-12-01,1413895019.716,126144973.499,89.2180619777117,Sulphur,-0.42910110342700625
2023-12-01,1248382909.174,94211256.178,75.46663406369079,Sulphuric Acid,-0.08195770078150963
2023-12-01,2406510864.547,950885369.419,395.130303971428,Urea,-0.12263429193206962
2023-12-01,1048979183.846,3078427880.907,2934.689199093718,Water Treatment Chemicals,0.02648320811623175
2024-01-01,220770429.4,95498079.16,432.56734798922304,Acetic Acid,-0.05895737371766856
2024-01-01,43488520.646,54433798.952,1251.682010411332,Formates,-0.01791144176909087
2024-01-01,2225064607.212,658213189.469,295.8175629307858,KCL,-0.3307792564572161
2024-01-01,33062238.929,14537568.664,439.70309134898326,PAC,-0.3935362737321663
2024-01-01,1322520496.062,110746508.079,83.73897297528778,Sulphur,-0.049631149015485015
2024-01-01,1716195390.052,94046387.52,54.79934747823232,Sulphuric Acid,-0.015899156439641612
2024-01-01,2560941700.769,891069821.158,347.9461562480822,Urea,0.09430308520040395
2024-01-01,1194904205.164,3321297874.2530003,2779.5515823773953,Water Treatment Chemicals,-0.2524293938531441
2024-02-01,173602980.32,74738632.776,430.514687237715,Acetic Acid,-0.2767891485243301
2024-02-01,25552154.962,22630583.939,885.662441099593,Formates,-0.034152223554801915
2024-02-01,2621820987.162,772686714.97,294.7137576339251,KCL,-0.2955178758481893
2024-02-01,35731155.003,19061165.524,533.4606598191303,PAC,0.05845439536213881
2024-02-01,1281912867.919,108515880.799,84.65152625791161,Sulphur,0.015047651105807061
2024-02-01,1160583557.281,79817080.286,68.77323031613028,Sulphuric Acid,-0.242603583574989
2024-02-01,2072873085.305,760965016.903,367.1064197309661,Urea,-0.0494773593251016
2024-02-01,1155695323.831,3225228801.814,2790.7258386429476,Water Treatment Chemicals,-0.04727427554919061
2024-03-01,256502233.38,115376011.823,449.80509644169086,Acetic Acid,-0.43812567869844043
2024-03-01,32927852.725,19776606.813,600.6042051440814,Formates,0.041531744007739985
2024-03-01,2937765885.699,810963935.5580001,276.04784285424523,KCL,-0.19684857653128573
2024-03-01,30765744.01,14851571.044,482.73076182304226,PAC,-0.004125520335355045
2024-03-01,806338576.138,75015439.204,93.03218452388856,Sulphur,-0.307970239381633
2024-03-01,1138585751.773,74751040.4,65.65253454436616,Sulphuric Acid,0.03731393709772027
2024-03-01,2277787421.091,884746141.381,388.42349079144094,Urea,-0.26647899275950215
2024-03-01,1254424033.622,3047820344.7,2429.6571677599172,Water Treatment Chemicals,-0.493497409111821
2024-04-01,226352841.639,92423422.489,408.31571549873433,Acetic Acid,0.043229185851558175
2024-04-01,25198225.571,17562776.811,696.9846651112036,Formates,-0.44522799392831985
2024-04-01,2879312853.7209997,852303474.1389999,296.0093318923469,KCL,-0.3084118174457511
2024-04-01,37626488.362,16637547.62,442.1764651522119,PAC,0.07003718023048293
2024-04-01,940467891.313,94861714.018,100.86651005762916,Sulphur,0.07036428816253364
2024-04-01,1148357206.969,76611633.426,66.71411383241151,Sulphuric Acid,-0.15593726712602834
2024-04-01,2044766834.963,765910764.781,374.57119886965455,Urea,-0.12089767269812045
2024-04-01,1218337902.776,3077186910.55,2525.725337394976,Water Treatment Chemicals,-0.23093268681300816
2024-05-01,277513755.068,116913118.428,421.2876525682571,Acetic Acid,-0.3240735369811613
2024-05-01,31843563.883,21863587.958,686.5936249576667,Formates,-0.3028012727780504
2024-05-01,2966677673.604,875670151.712,295.16861892455347,KCL,-0.09648892635377697
2024-05-01,34550946.369,16027832.999,463.8898404641265,PAC,-0.04857528233739201
2024-05-01,961897963.653,91023276.716,94.62882775042053,Sulphur,-0.0250525737644909
2024-05-01,1339276623.547,85734576.46,64.0155849453541,Sulphuric Acid,-0.026229114323267685
2024-05-01,2410982148.441,823166316.49,341.42364638505495,Urea,-0.44527633817078577
2024-05-01,1314821249.38,3596215397.9960003,2735.1363538517385,Water Treatment Chemicals,-0.20334781717845113
2024-06-01,190317725.836,78425753.508,412.07802984983545,Acetic Acid,-0.4654647439900134
2024-06-01,25796822.058,17502460.785,678.473524593399,Formates,-0.1702826706057587
2024-06-01,2777281955.973,823988511.4300001,296.6888218381564,KCL,-0.2350816991759738
2024-06-01,31071872.722,14382245.519,462.8702507788291,PAC,0.03262250965497984
2024-06-01,726763251.975,70173914.637,96.55677340082946,Sulphur,-0.2894509924687528
2024-06-01,1105697497.444,73575821.941,66.54245135860623,Sulphuric Acid,-0.42975979014343646
2024-06-01,2359020606.0,778180843.564,329.87454267451193,Urea,-0.4142049907682985
2024-06-01,1218257802.469,3358471889.7200003,2756.782581579617,Water Treatment Chemicals,-0.043093620969516674
2024-07-01,237962758.599,98660587.074,414.6051577770481,Acetic Acid,-0.12906916201024338
2024-07-01,22695537.187,16584210.748,730.7256317113936,Formates,-0.43932639432632586
2024-07-01,2703819059.809,765452120.2580001,283.10034929337036,KCL,-0.44953591633100154
2024-07-01,35080329.264,15947302.933,454.5938783238668,PAC,-0.07941852112452802
2024-07-01,940223673.461,92240141.501,98.104466101625,Sulphur,-0.45634219618148386
2024-07-01,1211581900.503,86543036.559,71.42978656504427,Sulphuric Acid,-0.006883964425786289
2024-07-01,2060406955.757,752791908.1159999,365.3607875922851,Urea,-0.07625466370610229
2024-07-01,1261900460.747,3557838948.53,2819.4291540426943,Water Treatment Chemicals,-0.4511907316148601
2024-08-01,122907731.336,51764660.564,421.1668379305444,Acetic Acid,-0.44909737154888485
2024-08-01,29096617.283,19083287.428,655.8593132112854,Formates,0.09198374710070525
2024-08-01,2386337056.633,682153045.784,285.8577935953789,KCL,-0.2754375225463278
2024-08-01,30133791.858,15854426.926,526.1344805430095,PAC,-0.27761471175986546
2024-08-01,884108270.924,92122429.739,104.19813134733025,Sulphur,-0.012320259645498472
2024-08-01,1444371581.781,103595399.223,71.72350974619732,Sulphuric Acid,0.0683491464303152
2024-08-01,2012277971.056,662493489.2609999,329.22563323263813,Urea,0.09160063829372252
2024-08-01,1301674695.932,3629217657.063,2788.1141643185115,Water Treatment Chemicals,-0.04797308884463504
2024-09-01,186784910.255,79102199.763,423.49352340619566,Acetic Acid,-0.27424424868145053
2024-09-01,25638781.476,16465932.324,642.227569957389,Formates,-0.4498995699807987
2024-09-01,2337610573.237,657943009.141,281.4596309041823,KCL,-0.033711850443537944
2024-09-01,35807377.125,16368582.439,457.12877494095426,PAC,-0.16495745015851698
2024-09-01,795299276.167,99096038.76,124.60219910874336,Sulphur,-0.24546679445181424
2024-09-01,1230911580.628,90268484.509,73.33466183082446,Sulphuric Acid,0.04381263105684157
2024-09-01,2318722614.248,721460748.951,311.1457767814895,Urea,-0.4332815106163092
2024-09-01,1046819475.536,2781289805.009,2656.8953578026467,Water Treatment Chemicals,-0.2044249374254845
2024-10-01,173831484.658,69037337.112,397.1509375751213,Acetic Acid,-0.49318781313954857
2024-10-01,29699299.036,19150007.402000003,644.7966121620353,Formates,-0.21880361480352425
2024-10-01,2756884218.014,738571273.2459999,267.90072227917165,KCL,-0.4662180345908976
2024-10-01,36196392.242,17221220.632999998,475.7717431578053,PAC,-0.42870925023915685
2024-10-01,885425865.808,111542214.113,125.97578004027652,Sulphur,-0.42948425193373707
2024-10-01,1313066414.753,100629586.115,76.63708780026131,Sulphuric Acid,-0.11047381873036187
2024-10-01,2297446539.605,834865302.95,363.3883481325918,Urea,-0.052373072440746044
2024-10-01,1335036358.172,3302196836.107,2473.4883180474103,Water Treatment Chemicals,-0.14997874094170424
2024-11-01,220647488.426,90063926.845,408.180158711416,Acetic Acid,0.07730352908472513
2024-11-01,32047589.863,20106141.389,627.3838836228119,Formates,-0.2750776522857776
2024-11-01,2343721426.412,633664346.466,270.36675064070045,KCL,-0.32857274823088356
2024-11-01,36181811.7,15207181.878,420.29907192292416,PAC,0.02115947691367615
2024-11-01,948610874.0,123040666.561,129.7061523680151,Sulphur,-0.36584249688832843
2024-11-01,1456592452.316,105695660.668,72.56364709287254,Sulphuric Acid,0.07793352366436676
2024-11-01,2225057734.99,841139885.764,378.0305888412286,Urea,-0.4927073151861102
2024-11-01,1271520464.673,3187639048.816,2506.9506448217276,Water Treatment Chemicals,0.0819272960245834
2024-12-01,272958862.199,109459615.908,401.01140159427655,Acetic Acid,-0.47410405282965434
2024-12-01,30270275.919,22232661.935,734.4717304358971,Formates,0.03468586821884263
2024-12-01,2551759628.7,669822046.226,262.4941780144247,KCL,-0.18337933454822009
2024-12-01,33047453.29,16070892.013,486.2974424072482,PAC,0.09577887767158018
2024-12-01,1062681533.463,144586828.37,136.05847454488975,Sulphur,-0.4557220611587607
2024-12-01,1988743991.832,145322814.239,73.07266035038069,Sulphuric Acid,-0.16768742935920755
2024-12-01,2437879472.06,874147251.113,358.5686910002768,Urea,0.08158152137145935
2024-12-01,1302299957.685,3175653105.727,2438.4958987268324,Water Treatment Chemicals,-0.18614129349791073
2025-01-01,57063613.719,30144730.512,528.2653611887001,Acetic Acid,-0.12236081711884249
2025-01-01,13448342.372,14347918.129,1066.891199830914,Formates,-0.08255078660922971
2025-01-01,2700396241.289,730855187.557,270.64738736569103,KCL,-0.22727536113933608
2025-01-01,29228424.313,12173895.6,416.5087884872872,PAC,-0.12346515194956195
2025-01-01,866808463.252,140244848.57999998,161.79450769763395,Sulphur,-0.14941141284613987
2025-01-01,1215790116.054,108459290.144,89.20889281121835,Sulphuric Acid,0.04069480629459337
2025-01-01,2410697687.696,912190605.903,378.3927825370824,Urea,-0.4727321717951253
2025-01-01,876569207.9760001,2611710546.5950003,2979.468731996011,Water Treatment Chemicals,-0.3314220862446618
2025-02-01,102978849.688,45494234.95,441.7823182899798,Acetic Acid,0.07024689044593521
2025-02-01,8911640.629,10942871.305,1227.9300479633378,Formates,0.03415827033454977
2025-02-01,2012568348.958,551192171.441,273.8750073886324,KCL,-0.22660594832857225
2025-02-01,30205576.358,14663834.607,485.4677968465998,PAC,-0.12792044131907798
2025-02-01,994875140.878,159139661.095,159.959430642277,Sulphur,-0.3335712902113204
2025-02-01,882138477.066,71578427.982,81.1419406849483,Sulphuric Acid,-0.3871273041657432
2025-02-01,2078210966.487,851185781.383,409.57621488343955,Urea,-0.22178095703601072
2025-02-01,830954385.174,2561653505.633,3082.784748884375,Water Treatment Chemicals,-0.28798866318436833
2025-03-01,66191111.795,29251671.955,441.92749089326577,Acetic Acid,-0.14980633288947676
2025-03-01,7525231.019,9608555.264,1276.845221062309,Formates,-0.4533592178210091
2025-03-01,2745972355.995,744905116.333,271.2718919790744,KCL,0.08463688459969987
2025-03-01,31959967.308,14235632.179,445.4207365674193,PAC,0.09172644668776171
2025-03-01,975829419.968,169535112.694,173.73437326736828,Sulphur,-0.08110297158815294
2025-03-01,991195698.692,95085220.816,95.92981581889046,Sulphuric Acid,-0.17834218019352777
2025-03-01,2028980427.979,842986615.658,415.4730149357187,Urea,-0.3142834302282034
2025-03-01,641362597.002,2361137883.393,3681.439944315364,Water Treatment Chemicals,-0.011722988175830814
2025-04-01,138199380.32999998,68409080.221,495.0027999955505,Acetic Acid,-0.08916129646767244
2025-04-01,6456879.197,8779609.564,1359.7295684390672,Formates,-0.40242983639306523
2025-04-01,2853117602.1099997,783714042.439,274.6869045493992,KCL,0.04655631069630546
2025-04-01,27832609.339,12823342.177,460.7308650372029,PAC,-0.006477654246098626
2025-04-01,1015978171.694,225681356.806,222.13209209968383,Sulphur,0.0698799479751544
2025-04-01,1105141365.151,99277670.819,89.83255350815259,Sulphuric Acid,-0.06456829496698403
2025-04-01,1788447636.315,765757607.972,428.1688725031962,Urea,-0.1319508824385261
2025-04-01,826191233.566,2988128123.6689997,3616.751185765631,Water Treatment Chemicals,-0.2490541782256287
2025-05-01,69768712.76799999,31835595.184,456.30188548643633,Acetic Acid,0.05963709001240793
2025-05-01,6055028.617,7513489.541999999,1240.8677179336937,Formates,0.019638333700244995
2025-05-01,2771008883.149,789345140.568,284.85839412791086,KCL,-0.47286879793628633
2025-05-01,30260602.527000003,14010752.379,463.0030868188734,PAC,-0.4841798153016488
2025-05-01,707658491.462,161923763.935,228.81625231468732,Sulphur,-0.2741219798731703
2025-05-01,696182152.54,84236424.835,120.99767931088996,Sulphuric Acid,-0.013668001530900283
2025-05-01,1575914795.143,702331649.733,445.6660042139333,Urea,0.09236567758896666
2025-05-01,834492619.899,2820205078.224,3379.5446610005174,Water Treatment Chemicals,-0.4097498653378831
2025-06-01,53421693.96,25140514.322,470.604963235052,Acetic Acid,-0.14352157078871894
2025-06-01,2579599.11,4020980.171,1558.76165230961,Formates,-0.2714654860213871
2025-06-01,2844069077.809,832512846.394,292.7189261645315,KCL,0.0819486386887619
2025-06-01,29176015.387,12787352.598,438.28303585614634,PAC,0.005271353881425193
2025-06-01,1127498594.567,295641807.053,262.2103552745776,Sulphur,0.002997222826682692
2025-06-01,794689656.409,78717651.301,99.05458145347582,Sulphuric Acid,-0.21878410412301785
2025-06-01,1491556699.831,641122560.516,429.8345216032632,Urea,-0.2511082985974009
2025-06-01,625493580.895,2077436216.58,3321.27503787882,Water Treatment Chemicals,-0.33595575684157625
2025-07-01,50248889.318,23939023.568,476.4090090927569,Acetic Acid,-0.4661747020094437
2025-07-01,7035592.825,8622562.776,1225.563074850057,Formates,0.01883342575303191
2025-07-01,3042544249.787,920733800.148,302.61969081056355,KCL,-0.012259394521953477
2025-07-01,32804713.922,18713921.386,570.4643982110688,PAC,0.09983060397167834
2025-07-01,887036512.118,220029863.416,248.05051473093144,Sulphur,0.0979821022443432
2025-07-01,791702899.793,85284420.019,107.7227581726663,Sulphuric Acid,-0.16674097663842355
2025-07-01,1164112934.214,503637572.974,432.63635182788533,Urea,-0.038607550891693716
2025-07-01,686782788.086,2315170734.831,3371.037793889923,Water Treatment Chemicals,0.06685943792945678
2025-08-01,51607855.513,21804519.652999997,422.50388891876054,Acetic Acid,0.00978843440644686
2025-08-01,5658107.932,7280706.756,1286.774102491617,Formates,-0.3515911389540814
2025-08-01,3044240547.4090004,912974627.298,299.9022623475161,KCL,-0.2296735188139439
2025-08-01,27579520.479,12225550.809,443.2836610886313,PAC,-0.422504350909103
2025-08-01,705222198.758,181318394.809,257.10817828526723,Sulphur,0.0724306163552334
2025-08-01,803794947.868,75313185.754,93.69701309240872,Sulphuric Acid,-0.13629521932947197
2025-08-01,880777824.749,402445991.556,456.92112159009815,Urea,-0.36281431669792236
2025-08-01,591435421.866,1984388449.259,3355.2073073306683,Water Treatment Chemicals,-0.09697958935648597
2025-09-01,56886865.476,27027293.746,475.1060463579689,Acetic Acid,-0.1291230557252625
2025-09-01,5759079.292,7068456.183999999,1227.3587192693924,Formates,-0.2851023691802957
2025-09-01,2392330751.089,753637979.021,315.02248536409127,KCL,-0.4318654446802226
2025-09-01,32117622.132,16192829.278,504.1727314509523,PAC,-0.09705608264432025
2025-09-01,899203033.709,231298130.034,257.22570027366334,Sulphur,-0.18781537945772403
2025-09-01,821152470.643,88515613.641,107.79437047992832,Sulphuric Acid,-0.03660896495861642
2025-09-01,999709825.474,465352445.047,465.4875176667979,Urea,-0.187901899332804
2025-09-01,774919496.084,2699150731.764,3483.136952165953,Water Treatment Chemicals,0.011308900191124053
2025-10-01,115248012.297,44601091.401999995,387.0009600431174,Acetic Acid,-0.16885589673530868
2025-10-01,8254609.172,11327847.899,1372.3057824984085,Formates,-0.16343721707876824
2025-10-01,2542490329.48,795822399.507,313.0090172928071,KCL,0.025992161595006995
2025-10-01,31784465.285000004,13077993.898,411.4586726796967,PAC,-0.2579102802725618
2025-10-01,699198072.265,209333097.27,299.39026661197886,Sulphur,-0.41959086292961556
2025-10-01,572206306.18,71668419.14,125.24926475985944,Sulphuric Acid,-0.4827303942119966
2025-10-01,1178612566.048,524922010.201,445.37282676453503,Urea,-0.046917646595828616
2025-10-01,699015158.886,2286072591.811,3270.419192988957,Water Treatment Chemicals,-0.12781426918792121
2025-11-01,38402634.357,15042939.01,391.71633045163696,Acetic Acid,-0.07755213914046588
2025-11-01,4378648.935,5632045.562,1286.2519114015247,Formates,-0.37222150309465357
2025-11-01,69033853.741,28315652.837,410.1705366650132,KCL,-0.41817711464793816
2025-11-01,10571261.137,4909744.043,464.4426033347737,PAC,-0.4912732005992708
2025-11-01,145394975.296,44375272.665,305.2049947025977,Sulphur,-0.2896474647160418
2025-11-01,288289277.423,29869566.752,103.60970417978152,Sulphuric Acid,-0.14604938788722016
2025-11-01,539045933.143,223121772.471,413.9197770587937,Urea,-0.2646535729401606
2025-11-01,305563136.479,1242524777.311,4066.3438385552554,Water Treatment Chemicals,-0.23751504678576257
2025-12-01,4119766.731,1789647.719,434.4051097683375,Acetic Acid,0.04249521669624903
2025-12-01,3144286.8,4415144.139,1404.1798410374015,Formates,-0.2910467197860198
2025-12-01,49318513.531,16660972.085,337.8238898974005,KCL,-0.19160630650411353
2025-12-01,8107054.0,2381692.958,293.78032488743753,PAC,-0.029808192355314175
2025-12-01,99306501.16,31510405.951,317.30456297348826,Sulphur,-0.2620743306072379
2025-12-01,32683741.046,5511269.297,168.6241880708603,Sulphuric Acid,-0.1267479798632759
2025-12-01,224616795.6,90228380.947,401.6991726107591,Urea,0.017418225248047085
2025-12-01,172643727.94799998,751379201.352,4352.1951841674445,Water Treatment Chemicals,0.06971237419458524
2026-01-01,,,660.0,Acetic Acid,-0.4117559114425772
2026-01-01,,,,Formates,0.05595257509689662
2026-01-01,,,,KCL,-0.2047302241522771
2026-01-01,,,,PAC,-0.345053367020625
2026-01-01,,,430.0,Sulphur,-0.22451854625704323
2026-01-01,,,240.0,Sulphuric Acid,0.08801954517128621
2026-01-01,,,520.0,Urea,-0.20442914360427825
2026-01-01,,,,Water Treatment Chemicals,-0.3027490338274951
2026-02-01,,,700.0,Acetic Acid,-0.11995948740996455
2026-02-01,,,,Formates,-0.35591262873308416
2026-02-01,,,,KCL,-0.45448200313480164
2026-02-01,,,,PAC,-0.4226721668536105
2026-02-01,,,450.0,Sulphur,-0.4231724966253365
2026-02-01,,,240.0,Sulphuric Acid,-0.4088583838926234
2026-02-01,,,530.0,Urea,-0.41670369641035393
2026-02-01,,,,Water Treatment Chemicals,-0.11547515311807126
