date,netWgt,fobvalue,price_usd_per_ton,chemical,sentiment_score,crude_oil_price,natural_gas_price,is_predicted
2020-01-01,144969933.226,55014913.614,379.49188766083535,Acetic Acid,-0.0250919762305275,63.5999999273391,2.029952355793544,False
2020-02-01,123862372.884,50572796.005,408.29829775958353,Acetic Acid,0.0202230023486417,55.362105319374486,1.8434210451025712,False
2020-03-01,250157370.331,95984360.163,383.69591124177816,Acetic Acid,-0.6478788785202312,33.72909112410112,1.7311818112026562,False
2020-04-01,201975121.145,77554805.874,383.9819747815505,Acetic Acid,-0.5719650078914821,26.63142867315383,1.7593333437329246,False
2020-05-01,93212926.5,37337538.11,400.56180523417,Acetic Acid,-0.7674742035073603,32.256000232696536,1.8091500103473663,False
2020-06-01,147465754.494,62620680.083,424.6455748174935,Acetic Acid,-0.7389808825776106,40.77272727272727,1.7008636322888462,False
2020-07-01,191341022.848,70031192.383,366.0019756381898,Acetic Acid,-0.5266448603283602,43.24136369878595,1.76495454528115,False
2020-08-01,190478772.671,75750398.556,397.68420120407905,Acetic Acid,-0.7557537489740402,45.01999991280692,2.343476204645066,False
2020-09-01,180043477.137,71251130.744,395.7440273705838,Acetic Acid,-0.6595327451563097,41.86714299519857,2.2802381004605974,False
2020-10-01,168570611.498,69566136.943,412.6824736815134,Acetic Acid,-0.7972389414381988,41.524091026999734,2.83622728694569,False
2020-11-01,220337538.755,86838959.381,394.11786058642906,Acetic Acid,-0.3684482870622033,43.78900012969971,2.8719499707221985,False
2020-12-01,245895939.456,104227966.984,423.8702241874567,Acetic Acid,-0.3563936287118368,50.218181956898086,2.584272709759799,False
2021-01-01,256689326.614,137527474.14,535.7740267354737,Acetic Acid,-0.538633585309003,55.35157916420385,2.648736840800235,False
2021-02-01,191204987.696,114508593.159,598.8786931701758,Acetic Acid,-0.3462167630369535,62.22789423089279,2.916999992571379,False
2021-03-01,204203472.082,132496406.666,648.8450236183777,Acetic Acid,-0.3351511738287135,65.70217381352964,2.622043454128763,False
2021-04-01,278110425.735,226228665.397,813.4490636196573,Acetic Acid,-0.3962799224179688,65.32857150123233,2.6850952420915877,False
2021-05-01,246409687.916,211225202.545,857.2114364959781,Acetic Acid,-0.7965239347344046,68.25849990844726,2.959499990940094,False
2021-06-01,200122914.063,195736749.56,978.08264723939,Acetic Acid,-0.5406046891283169,73.40818162397905,3.2724090814590454,False
2021-07-01,228790180.996,234729687.154,1025.960494161696,Acetic Acid,0.1854521483132403,74.15714336576916,3.815047650110154,False
2021-08-01,231180535.417,216428912.702,936.1900313605934,Acetic Acid,0.1434684616273669,70.51363615556197,4.031454519792036,False
2021-09-01,223312564.942,201383716.015,901.801992500084,Acetic Acid,0.210334939815776,75.0028559366862,5.114857128688267,False
2021-10-01,165934244.167,150914928.827,909.4863425244266,Acetic Acid,0.1122325424664291,83.74619038899739,5.570619015466599,False
2021-11-01,346979663.277,336240100.136,969.0484363274442,Acetic Acid,0.3072813214307398,80.78428540910993,5.120238099779401,False
2021-12-01,196926854.439,189708386.32,963.3444197361308,Acetic Acid,0.1773824883145467,74.74318140203303,3.863818190314553,False
2022-01-01,271874160.96,238548748.559,877.4233921924524,Acetic Acid,0.0800836114326661,85.52699966430664,4.2554499983787535,False
2022-02-01,172807353.714,147613605.317,854.2090492358549,Acetic Acid,-0.1147810123074273,94.03368457994964,4.4630000214827685,False
2022-03-01,265599073.687,195558637.896,736.2926202312723,Acetic Acid,-0.4969630496922688,112.46304420802905,4.979304334391719,False
2022-04-01,294646300.244,209350123.374,710.5133280161155,Acetic Acid,-0.3047601811044393,105.91699981689452,6.70460000038147,False
2022-05-01,241063173.602,173596206.649,720.1274423426065,Acetic Acid,-0.3408785793909647,111.4971429734003,8.163476194654192,False
2022-06-01,185972586.424,132625010.695,713.1427983295745,Acetic Acid,-0.1538576692241845,117.66381000337148,7.597904772985549,False
2022-07-01,189974408.805,131787323.289,693.7109272663859,Acetic Acid,0.0642751506117485,104.70499954223632,7.186950016021728,False
2022-08-01,277143622.637,186035462.19,671.2601228918314,Acetic Acid,0.0781719862535516,97.74086894159733,8.77947819751242,False
2022-09-01,266100321.895,160516438.968,603.2177557129671,Acetic Acid,0.0616928644964685,90.32476116362072,7.757523854573567,False
2022-10-01,235940011.828,152800327.525,647.6236325544955,Acetic Acid,0.0264238431567732,93.59380958193825,6.084904738834926,False
2022-11-01,193580078.171,121888359.331,629.6534255107039,Acetic Acid,0.0202433911480621,91.1142857869466,6.42976188659668,False
2022-12-01,245840117.097,140002841.975,569.4873710125988,Acetic Acid,0.0340032050905397,81.3414284842355,5.768047582535517,False
2023-01-01,236160072.876,141208482.429,597.9354626264195,Acetic Acid,-0.3280752487230293,83.87900009155274,3.42279999256134,False
2023-02-01,148975154.501,69566139.222,466.9647059942002,Acetic Acid,-0.0380038681408335,83.50947329872533,2.437473673569529,False
2023-03-01,186190396.859,96813833.028,519.9722147932049,Acetic Acid,-0.064345199766403,79.2069562829059,2.4077826427376787,False
2023-04-01,280644743.046,145246254.637,517.5448970130644,Acetic Acid,-0.4847895539507255,83.36894788240132,2.197263152975785,False
2023-05-01,208632485.65,99021392.049,474.6211585434371,Acetic Acid,-0.1704640011763277,75.63227358731356,2.2993181943893433,False
2023-06-01,135498071.611,78663009.253,580.5470758198893,Acetic Acid,-0.248239962543326,74.92571367536273,2.4746190366290866,False
2023-07-01,197428478.002,96252465.029,487.5308061080475,Acetic Acid,0.0132763504066043,80.35549964904786,2.636550009250641,False
2023-08-01,132228558.081,64874006.308000006,490.6202355187128,Acetic Acid,-0.2608971593615759,85.10434756071672,2.645130426987358,False
2023-09-01,128690038.173,67286062.848,522.8537018346852,Acetic Acid,-0.104783821028633,92.76649932861328,2.6956499934196474,False
2023-10-01,188643860.048,100173094.378,531.0169880562834,Acetic Acid,-0.2670980442760868,88.70409115878019,3.1491818102923306,False
2023-11-01,172302269.96899998,85760623.09300001,497.73356502168986,Acetic Acid,-0.3825253191264221,82.02772730047053,3.0499999956651167,False
2023-12-01,269850240.881,117704299.838,436.1837864354766,Acetic Acid,0.0069251865816727,77.32399978637696,2.5388499975204466,False
2024-01-01,220770429.4,95498079.16,432.56734798922304,Acetic Acid,-0.0589573737176685,79.19714319138299,2.7149999936421714,False
2024-02-01,173602980.32,74738632.776,430.514687237715,Acetic Acid,-0.2767891485243301,81.62399940490722,1.7955000042915343,False
2024-03-01,256502233.38,115376011.823,449.80509644169086,Acetic Acid,-0.4381256786984404,84.66549949645996,1.747299998998642,False
2024-04-01,226352841.639,92423422.489,408.31571549873433,Acetic Acid,0.0432291858515581,88.99999930641867,1.7912272702563892,False
2024-05-01,277513755.068,116913118.428,421.2876525682571,Acetic Acid,-0.3240735369811613,82.99181851473722,2.4179999990896746,False
2024-06-01,190317725.836,78425753.508,412.07802984983545,Acetic Acid,-0.4654647439900134,82.88947416606702,2.809578958310579,False
2024-07-01,237962758.599,98660587.074,414.6051577770481,Acetic Acid,-0.1290691620102433,83.71772731434216,2.208681805567308,False
2024-08-01,122907731.336,51764660.564,421.1668379305444,Acetic Acid,-0.4490973715488848,78.87500138716264,2.0856363664973867,False
2024-09-01,186784910.255,79102199.763,423.49352340619566,Acetic Acid,-0.2742442486814505,72.6384994506836,2.409250020980835,False
2024-10-01,173831484.658,69037337.112,397.1509375751213,Acetic Acid,-0.4931878131395485,75.37695710555367,2.5769565209098486,False
2024-11-01,220647488.426,90063926.845,408.180158711416,Acetic Acid,0.0773035290847251,73.40699996948243,2.982000005245209,False
2024-12-01,272958862.199,109459615.908,401.01140159427655,Acetic Acid,-0.4741040528296543,73.12857164655414,3.406619049253918,False
2025-01-01,57063613.719,30144730.512,528.2653611887001,Acetic Acid,-0.1223608171188424,78.26333436511811,3.7213809490203857,False
2025-02-01,102978849.688,45494234.95,441.7823182899798,Acetic Acid,0.0702468904459352,74.94052605879934,3.740947372034976,False
2025-03-01,66191111.795,29251671.955,441.92749089326577,Acetic Acid,-0.1498063328894767,71.46714237758091,4.137476239885602,False
2025-04-01,138199380.32999998,68409080.221,495.0027999955505,Acetic Acid,-0.0891612964676724,66.45666703723725,3.425761881328764,False
2025-05-01,69768712.76799999,31835595.184,456.30188548643633,Acetic Acid,0.0596370900124079,63.97047624133882,3.4608095600491477,False
2025-06-01,53421693.96,25140514.322,470.604963235052,Acetic Acid,-0.1435215707887189,69.35,3.643649995326996,False
2025-07-01,50248889.318,23939023.568,476.4090090927569,Acetic Acid,-0.4661747020094437,69.55304353133492,3.306130429972773,False
2025-08-01,51607855.513,21804519.652999997,422.50388891876054,Acetic Acid,0.0097884344064468,67.2614284697033,2.888523817062378,False
2025-09-01,56886865.476,27027293.746,475.1060463579689,Acetic Acid,-0.1291230557252625,67.54857054210845,3.0097618897755942,False
2025-10-01,115248012.297,44601091.401999995,387.0009600431174,Acetic Acid,-0.1688558967353086,63.95391298376995,3.3532608695652173,False
2025-11-01,38402634.357,15042939.01,391.71633045163696,Acetic Acid,-0.0775521391404658,63.67947367617958,4.46726309625726,False
2025-12-01,4119766.731,1789647.719,434.4051097683375,Acetic Acid,0.042495216696249,61.62863592668013,4.394227277148854,False
2026-01-01,,,444.51509334937595,Acetic Acid,-0.1199594874099645,69.40684268349095,3.1292631375162223,False
2026-02-01,,,446.6673508648161,Acetic Acid,-0.1199594874099645,69.40684268349095,3.1292631375162223,False
2026-03-01,,,466.7521336725904,Acetic Acid,-0.1199594874099645,69.40684268349095,3.1292631375162223,False
2026-04-01,,,471.3446880244704,Acetic Acid,-0.1199594874099645,69.40684268349095,3.1292631375162223,False
2020-01-01,28885521.977,21500776.493,744.3443989040572,Formates,0.0901428612819832,63.5999999273391,2.029952355793544,False
2020-02-01,22203589.405,14591142.339,657.1524122903406,Formates,0.0416145155592091,55.362105319374486,1.8434210451025712,False
2020-03-01,31831674.647,18803248.784,590.7087513465814,Formates,-0.5376217841838811,33.72909112410112,1.7311818112026562,False
2020-04-01,22519702.026,14222626.051,631.5636874137741,Formates,-0.4074120193034932,26.63142867315383,1.7593333437329246,False
2020-05-01,20926974.67,13512134.812,645.6802774923032,Formates,-0.3255572313733334,32.256000232696536,1.8091500103473663,False
2020-06-01,17908921.49,11529128.265,643.7645210202995,Formates,-0.552411544944365,40.77272727272727,1.7008636322888462,False
2020-07-01,18095848.986,10206429.706,564.0204951918137,Formates,-0.7075727722372365,43.24136369878595,1.76495454528115,False
2020-08-01,19715430.168,10934350.469,554.6087696705437,Formates,-0.7020085687904274,45.01999991280692,2.343476204645066,False
2020-09-01,20530552.612,12984040.16,632.4252642089574,Formates,-0.5286519584208758,41.86714299519857,2.2802381004605974,False
2020-10-01,24759941.116,12905808.722,521.2374561610003,Formates,-0.3922692857725829,41.524091026999734,2.83622728694569,False
2020-11-01,21196814.262,20756019.107,979.2046507766868,Formates,-0.4883509365862211,43.78900012969971,2.8719499707221985,False
2020-12-01,32649590.522,18166613.122,556.4116680041958,Formates,-0.5638925374190253,50.218181956898086,2.584272709759799,False
2021-01-01,22965916.084,14754849.035,642.4672536916338,Formates,-0.5862294908207253,55.35157916420385,2.648736840800235,False
2021-02-01,25033428.815,16352158.031,653.2128759445773,Formates,-0.6753538854255625,62.22789423089279,2.916999992571379,False
2021-03-01,32885882.93,18970848.842,576.8690742584237,Formates,-0.3959398102177915,65.70217381352964,2.622043454128763,False
2021-04-01,20428476.439,12628767.018,618.1942669934222,Formates,-0.3519543500382534,65.32857150123233,2.6850952420915877,False
2021-05-01,26005771.25,15740357.418,605.2640110798483,Formates,-0.5446263487112172,68.25849990844726,2.959499990940094,False
2021-06-01,32871322.641,22913535.204,697.067637169556,Formates,-0.4484905205524111,73.40818162397905,3.2724090814590454,False
2021-07-01,24198505.172,17223711.904,711.7675981047579,Formates,0.1110660842063598,74.15714336576916,3.815047650110154,False
2021-08-01,28492944.278,28418600.816,997.3908115189976,Formates,0.2468358280832689,70.51363615556197,4.031454519792036,False
2021-09-01,28002447.853,18928907.749,675.9733237739814,Formates,0.2896917491780739,75.0028559366862,5.114857128688267,False
2021-10-01,34498167.554,26388460.949,764.9235544958767,Formates,0.2772678829564726,83.74619038899739,5.570619015466599,False
2021-11-01,31892351.774,29967908.515,939.6581577728336,Formates,0.2160206038901612,80.78428540910993,5.120238099779401,False
2021-12-01,35004892.809999995,31697974.364,905.5298222465834,Formates,0.2979952138102537,74.74318140203303,3.863818190314553,False
2022-01-01,40167465.956,50466394.034,1256.399746234467,Formates,0.0266202914546535,85.52699966430664,4.2554499983787535,False
2022-02-01,21699649.891,25616179.307,1180.488138549387,Formates,-0.4495160210029707,94.03368457994964,4.4630000214827685,False
2022-03-01,25022538.603,25002259.785,999.1895779112688,Formates,-0.4035151691495008,112.46304420802905,4.979304334391719,False
2022-04-01,25291880.432,22360514.062,884.0985201602031,Formates,-0.0521051569291855,105.91699981689452,6.70460000038147,False
2022-05-01,23235123.675,30654164.585,1319.302837108742,Formates,-0.3536062139725499,111.4971429734003,8.163476194654192,False
2022-06-01,20600845.880000003,23512475.085,1141.335420009462,Formates,-0.2044893837086816,117.66381000337148,7.597904772985549,False
2022-07-01,25511797.909999996,22187355.407,869.6899954002499,Formates,0.0723571462015524,104.70499954223632,7.186950016021728,False
2022-08-01,24894875.275,20879860.711000003,838.7212420368314,Formates,0.011805673280416,97.74086894159733,8.77947819751242,False
2022-09-01,22870311.917,20928002.926,915.0729120770652,Formates,-0.0823821219950162,90.32476116362072,7.757523854573567,False
2022-10-01,33679746.835,27716543.71,822.9439444953595,Formates,-0.0555388293474773,93.59380958193825,6.084904738834926,False
2022-11-01,32839908.81,27589552.681,840.1226946342425,Formates,0.0479443315338827,91.1142857869466,6.42976188659668,False
2022-12-01,37500398.838,37217957.968,992.468323571167,Formates,-0.2972029058890785,81.3414284842355,5.768047582535517,False
2023-01-01,34602808.235,31808320.015,919.2409991402538,Formates,-0.1455000436585935,83.87900009155274,3.42279999256134,False
2023-02-01,26732207.466,27461089.024,1027.266044486863,Formates,-0.3705073835018941,83.50947329872533,2.437473673569529,False
2023-03-01,26616124.249,21464929.83,806.4633914836967,Formates,0.0855112476775207,79.2069562829059,2.4077826427376787,False
2023-04-01,24721464.224,19617190.776,793.5286760626141,Formates,0.077589048806755,83.36894788240132,2.197263152975785,False
2023-05-01,27485434.555000003,21714144.033,790.0236756143948,Formates,-0.0712424463799626,75.63227358731356,2.2993181943893433,False
2023-06-01,32548929.556,27260766.02,837.5318756058693,Formates,-0.3513614062993055,74.92571367536273,2.4746190366290866,False
2023-07-01,7195346.374,8279373.749,1150.6567326511306,Formates,-0.0778052843719858,80.35549964904786,2.636550009250641,False
2023-08-01,32513361.295,21399875.428,658.1871137171825,Formates,-0.1304899411686701,85.10434756071672,2.645130426987358,False
2023-09-01,28288521.042000003,19429505.821,686.8335673028996,Formates,-0.4022393437511422,92.76649932861328,2.6956499934196474,False
2023-10-01,34802799.067999996,23206402.473,666.7970132993559,Formates,-0.1140270689345881,88.70409115878019,3.1491818102923306,False
2023-11-01,38561411.543000005,31285731.577,811.3222603927022,Formates,-0.4583832194749007,82.02772730047053,3.0499999956651167,False
2023-12-01,33541826.791,25092170.151,748.085973592016,Formates,-0.4860368385585045,77.32399978637696,2.5388499975204466,False
2024-01-01,43488520.646,54433798.952,1251.682010411332,Formates,-0.0179114417690908,79.19714319138299,2.7149999936421714,False
2024-02-01,25552154.962,22630583.939,885.662441099593,Formates,-0.0341522235548019,81.62399940490722,1.7955000042915343,False
2024-03-01,32927852.725,19776606.813,600.6042051440814,Formates,0.0415317440077399,84.66549949645996,1.747299998998642,False
2024-04-01,25198225.571,17562776.811,696.9846651112036,Formates,-0.4452279939283198,88.99999930641867,1.7912272702563892,False
2024-05-01,31843563.883,21863587.958,686.5936249576667,Formates,-0.3028012727780504,82.99181851473722,2.4179999990896746,False
2024-06-01,25796822.058,17502460.785,678.473524593399,Formates,-0.1702826706057587,82.88947416606702,2.809578958310579,False
2024-07-01,22695537.187,16584210.748,730.7256317113936,Formates,-0.4393263943263258,83.71772731434216,2.208681805567308,False
2024-08-01,29096617.283,19083287.428,655.8593132112854,Formates,0.0919837471007052,78.87500138716264,2.0856363664973867,False
2024-09-01,25638781.476,16465932.324,642.227569957389,Formates,-0.4498995699807987,72.6384994506836,2.409250020980835,False
2024-10-01,29699299.036,19150007.402000003,644.7966121620353,Formates,-0.2188036148035242,75.37695710555367,2.5769565209098486,False
2024-11-01,32047589.863,20106141.389,627.3838836228119,Formates,-0.2750776522857776,73.40699996948243,2.982000005245209,False
2024-12-01,30270275.919,22232661.935,734.4717304358971,Formates,0.0346858682188426,73.12857164655414,3.406619049253918,False
2025-01-01,13448342.372,14347918.129,1066.891199830914,Formates,-0.0825507866092297,78.26333436511811,3.7213809490203857,False
2025-02-01,8911640.629,10942871.305,1227.9300479633378,Formates,0.0341582703345497,74.94052605879934,3.740947372034976,False
2025-03-01,7525231.019,9608555.264,1276.845221062309,Formates,-0.4533592178210091,71.46714237758091,4.137476239885602,False
2025-04-01,6456879.197,8779609.564,1359.7295684390672,Formates,-0.4024298363930652,66.45666703723725,3.425761881328764,False
2025-05-01,6055028.617,7513489.541999999,1240.8677179336937,Formates,0.0196383337002449,63.97047624133882,3.4608095600491477,False
2025-06-01,2579599.11,4020980.171,1558.76165230961,Formates,-0.2714654860213871,69.35,3.643649995326996,False
2025-07-01,7035592.825,8622562.776,1225.563074850057,Formates,0.0188334257530319,69.55304353133492,3.306130429972773,False
2025-08-01,5658107.932,7280706.756,1286.774102491617,Formates,-0.3515911389540814,67.2614284697033,2.888523817062378,False
2025-09-01,5759079.292,7068456.183999999,1227.3587192693924,Formates,-0.2851023691802957,67.54857054210845,3.0097618897755942,False
2025-10-01,8254609.172,11327847.899,1372.3057824984085,Formates,-0.1634372170787682,63.95391298376995,3.3532608695652173,False
2025-11-01,4378648.935,5632045.562,1286.2519114015247,Formates,-0.3722215030946535,63.67947367617958,4.46726309625726,False
2025-12-01,3144286.8,4415144.139,1404.1798410374015,Formates,-0.2910467197860198,61.62863592668013,4.394227277148854,False
2026-01-01,,,1439.3848612090426,Formates,-0.3559126287330841,69.40684268349095,3.1292631375162223,False
2026-02-01,,,1470.7228778158085,Formates,-0.3559126287330841,69.40684268349095,3.1292631375162223,False
2026-03-01,,,1486.6731858853109,Formates,-0.3559126287330841,69.40684268349095,3.1292631375162223,False
2026-04-01,,,1502.7299131986038,Formates,-0.3559126287330841,69.40684268349095,3.1292631375162223,False
2020-01-01,2820465771.957,674978218.7919999,239.31445135874193,KCL,0.046398788362281,63.5999999273391,2.029952355793544,False
2020-02-01,3474284965.09,817977951.435,235.43778350196743,KCL,-0.0958831011408395,55.362105319374486,1.8434210451025712,False
2020-03-01,4609655123.426,1059649726.975,229.87614010209177,KCL,-0.5840274906789422,33.72909112410112,1.7311818112026562,False
2020-04-01,4608276741.867001,1008854880.128,218.9223730776359,KCL,-0.7001631089208202,26.63142867315383,1.7593333437329246,False
2020-05-01,4543858547.091,963391925.996,212.02066833985583,KCL,-0.3171839834627203,32.256000232696536,1.8091500103473663,False
2020-06-01,4871141000.266,1015651360.55,208.50379007598795,KCL,-0.7828057394423908,40.77272727272727,1.7008636322888462,False
2020-07-01,4980964366.273,1025133178.535,205.81018115213993,KCL,-0.3152076861177207,43.24136369878595,1.76495454528115,False
2020-08-01,4112353939.933,840539556.079,204.39377747059737,KCL,-0.777386355544731,45.01999991280692,2.343476204645066,False
2020-09-01,5002711552.96,996042788.964,199.10058343752848,KCL,-0.7295378875126187,41.86714299519857,2.2802381004605974,False
2020-10-01,4547499918.431,900959992.131,198.1220469030494,KCL,-0.4465713280761915,41.524091026999734,2.83622728694569,False
2020-11-01,3825301568.892,789346702.197,206.3488820374584,KCL,-0.6345509875736755,43.78900012969971,2.8719499707221985,False
2020-12-01,4597402147.143,958825463.47,208.55810146298617,KCL,-0.7402028770308492,50.218181956898086,2.584272709759799,False
2021-01-01,4111869382.846,934599217.612,227.29302188220873,KCL,-0.7872904366279525,55.35157916420385,2.648736840800235,False
2021-02-01,3613057061.956,842586845.5830001,233.2060720698524,KCL,-0.5948085384821852,62.22789423089279,2.916999992571379,False
2021-03-01,4184893814.72,966168380.016,230.87046476964045,KCL,-0.4832981217447883,65.70217381352964,2.622043454128763,False
2021-04-01,4083288695.203,967450994.834,236.92936430641072,KCL,-0.6409982625140681,65.32857150123233,2.6850952420915877,False
2021-05-01,4375136788.33,977865105.095,223.50503593471723,KCL,-0.5912944984256105,68.25849990844726,2.959499990940094,False
2021-06-01,3982652506.456,927030264.112,232.76704724031433,KCL,-0.618185198810353,73.40818162397905,3.2724090814590454,False
2021-07-01,3244537564.735,813524702.171,250.73671854295364,KCL,0.2828693001939691,74.15714336576916,3.815047650110154,False
2021-08-01,3173908167.376,856187848.3219999,269.75822965597825,KCL,0.3956951362331802,70.51363615556197,4.031454519792036,False
2021-09-01,4012350207.531,1229739077.854,306.4884704096455,KCL,0.2900589132282684,75.0028559366862,5.114857128688267,False
2021-10-01,3571960712.5,1261330234.64,353.11985101795824,KCL,0.3032693085526847,83.74619038899739,5.570619015466599,False
2021-11-01,3390400240.038,1348298778.6820002,397.6813010923124,KCL,0.3810189966210204,80.78428540910993,5.120238099779401,False
2021-12-01,3390479764.999,1470855311.284,433.8192271395059,KCL,0.3451666600603648,74.74318140203303,3.863818190314553,False
2022-01-01,2139811986.583,920444910.075,430.15223573208885,KCL,-0.0321940417902598,85.52699966430664,4.2554499983787535,False
2022-02-01,2053237343.489,977649167.345,476.1501004475752,KCL,-0.4030227715432317,94.03368457994964,4.4630000214827685,False
2022-03-01,2989655421.491,1626367469.716,543.9983009496455,KCL,-0.1707597263800483,112.46304420802905,4.979304334391719,False
2022-04-01,2736462613.279,1398155181.627,510.9352398393061,KCL,-0.1102202605716712,105.91699981689452,6.70460000038147,False
2022-05-01,3276836739.229,1954152970.23,596.3534731027792,KCL,0.0838063328514673,111.4971429734003,8.163476194654192,False
2022-06-01,2960505071.069,1941803810.7,655.9028828141273,KCL,-0.3828542073211733,117.66381000337148,7.597904772985549,False
2022-07-01,2635594118.681,1799577279.106,682.7975773472322,KCL,0.048918634132269,104.70499954223632,7.186950016021728,False
2022-08-01,2738350271.261,1783975953.0830002,651.4783633802573,KCL,-0.3233306647582486,97.74086894159733,8.77947819751242,False
2022-09-01,2542491207.712,1661967477.505,653.6767845897932,KCL,-0.157963297946381,90.32476116362072,7.757523854573567,False
2022-10-01,2423447857.677,1584534809.771,653.83490911575,KCL,-0.0817905554028392,93.59380958193825,6.084904738834926,False
2022-11-01,2208621191.845,1364946148.972,618.0082641658323,KCL,-0.1931945606834373,91.1142857869466,6.42976188659668,False
2022-12-01,2217834694.547,1308372473.662,589.9323682143224,KCL,-0.2746502284160336,81.3414284842355,5.768047582535517,False
2023-01-01,2356991798.663,1315362992.551,558.0685487735415,KCL,-0.4816998500365703,83.87900009155274,3.42279999256134,False
2023-02-01,2436611441.005,1295200645.702,531.5581400897404,KCL,-0.1262657145085998,83.50947329872533,2.437473673569529,False
2023-03-01,3014327485.524,1439894181.052,477.68339305100216,KCL,-0.1902197910192828,79.2069562829059,2.4077826427376787,False
2023-04-01,3128184032.032,1341460261.574,428.83035263836973,KCL,0.0015880723073234,83.36894788240132,2.197263152975785,False
2023-05-01,2402910265.438,988878097.555,411.53351075086783,KCL,-0.1038815739693612,75.63227358731356,2.2993181943893433,False
2023-06-01,2714282603.204,1008167668.336,371.43061932679245,KCL,-0.2864163928092431,74.92571367536273,2.4746190366290866,False
2023-07-01,2360773890.227,815437260.468,345.41099587880973,KCL,-0.2154957025476049,80.35549964904786,2.636550009250641,False
2023-08-01,3100336708.2669997,1054263048.833,340.0479199636039,KCL,-0.1189438094794137,85.10434756071672,2.645130426987358,False
2023-09-01,2992168004.07,922201379.986,308.20508030685625,KCL,-0.4576587515597421,92.76649932861328,2.6956499934196474,False
2023-10-01,3020361655.993,930525951.802,308.08428187917525,KCL,-0.22504826570509,88.70409115878019,3.1491818102923306,False
2023-11-01,2820249704.049,856340066.318,303.6398036275165,KCL,-0.439533199173544,82.02772730047053,3.0499999956651167,False
2023-12-01,3266753374.9449997,932254757.436,285.3765345697993,KCL,-0.0113189104466385,77.32399978637696,2.5388499975204466,False
2024-01-01,2225064607.212,658213189.469,295.8175629307858,KCL,-0.3307792564572161,79.19714319138299,2.7149999936421714,False
2024-02-01,2621820987.162,772686714.97,294.7137576339251,KCL,-0.2955178758481893,81.62399940490722,1.7955000042915343,False
2024-03-01,2937765885.699,810963935.5580001,276.04784285424523,KCL,-0.1968485765312857,84.66549949645996,1.747299998998642,False
2024-04-01,2879312853.7209997,852303474.1389999,296.0093318923469,KCL,-0.3084118174457511,88.99999930641867,1.7912272702563892,False
2024-05-01,2966677673.604,875670151.712,295.16861892455347,KCL,-0.0964889263537769,82.99181851473722,2.4179999990896746,False
2024-06-01,2777281955.973,823988511.4300001,296.6888218381564,KCL,-0.2350816991759738,82.88947416606702,2.809578958310579,False
2024-07-01,2703819059.809,765452120.2580001,283.10034929337036,KCL,-0.4495359163310015,83.71772731434216,2.208681805567308,False
2024-08-01,2386337056.633,682153045.784,285.8577935953789,KCL,-0.2754375225463278,78.87500138716264,2.0856363664973867,False
2024-09-01,2337610573.237,657943009.141,281.4596309041823,KCL,-0.0337118504435379,72.6384994506836,2.409250020980835,False
2024-10-01,2756884218.014,738571273.2459999,267.90072227917165,KCL,-0.4662180345908976,75.37695710555367,2.5769565209098486,False
2024-11-01,2343721426.412,633664346.466,270.36675064070045,KCL,-0.3285727482308835,73.40699996948243,2.982000005245209,False
2024-12-01,2551759628.7,669822046.226,262.4941780144247,KCL,-0.18337933454822,73.12857164655414,3.406619049253918,False
2025-01-01,2700396241.289,730855187.557,270.64738736569103,KCL,-0.227275361139336,78.26333436511811,3.7213809490203857,False
2025-02-01,2012568348.958,551192171.441,273.8750073886324,KCL,-0.2266059483285722,74.94052605879934,3.740947372034976,False
2025-03-01,2745972355.995,744905116.333,271.2718919790744,KCL,0.0846368845996998,71.46714237758091,4.137476239885602,False
2025-04-01,2853117602.1099997,783714042.439,274.6869045493992,KCL,0.0465563106963054,66.45666703723725,3.425761881328764,False
2025-05-01,2771008883.149,789345140.568,284.85839412791086,KCL,-0.4728687979362863,63.97047624133882,3.4608095600491477,False
2025-06-01,2844069077.809,832512846.394,292.7189261645315,KCL,0.0819486386887619,69.35,3.643649995326996,False
2025-07-01,3042544249.787,920733800.148,302.61969081056355,KCL,-0.0122593945219534,69.55304353133492,3.306130429972773,False
2025-08-01,3044240547.4090004,912974627.298,299.9022623475161,KCL,-0.2296735188139439,67.2614284697033,2.888523817062378,False
2025-09-01,2392330751.089,753637979.021,315.02248536409127,KCL,-0.4318654446802226,67.54857054210845,3.0097618897755942,False
2025-10-01,2542490329.48,795822399.507,313.0090172928071,KCL,0.0259921615950069,63.95391298376995,3.3532608695652173,False
2025-11-01,69033853.741,28315652.837,410.1705366650132,KCL,-0.4181771146479381,63.67947367617958,4.46726309625726,False
2025-12-01,49318513.531,16660972.085,337.8238898974005,KCL,-0.1916063065041135,61.62863592668013,4.394227277148854,False
2026-01-01,,,344.64528660187483,KCL,-0.4544820031348016,69.40684268349095,3.1292631375162223,False
2026-02-01,,,335.71723377067343,KCL,-0.4544820031348016,69.40684268349095,3.1292631375162223,False
2026-03-01,,,334.00423267084494,KCL,-0.4544820031348016,69.40684268349095,3.1292631375162223,False
2026-04-01,,,326.6653797813624,KCL,-0.4544820031348016,69.40684268349095,3.1292631375162223,False
2020-01-01,31884378.16,11621563.415,364.49082860206545,PAC,0.0197316968394073,63.5999999273391,2.029952355793544,False
2020-02-01,25637174.962,12179481.037,475.0711049502413,PAC,0.0939819704323988,55.362105319374486,1.8434210451025712,False
2020-03-01,37929754.546,13389301.108,353.00257721841774,PAC,-0.654385429900979,33.72909112410112,1.7311818112026562,False
2020-04-01,46886074.272,18170925.384,387.5548479189169,PAC,-0.5428827807931942,26.63142867315383,1.7593333437329246,False
2020-05-01,27265604.38,9540354.292,349.9043761890012,PAC,-0.3958013259417695,32.256000232696536,1.8091500103473663,False
2020-06-01,30033934.468,11003438.446,366.3668660435995,PAC,-0.345339798960609,40.77272727272727,1.7008636322888462,False
2020-07-01,28264241.12,10825272.725,383.0024191712669,PAC,-0.4124335883194427,43.24136369878595,1.76495454528115,False
2020-08-01,24216738.324,9299474.319,384.0101914048332,PAC,-0.6373348346183678,45.01999991280692,2.343476204645066,False
2020-09-01,28840755.633,11147787.13,386.52895478385256,PAC,-0.3989015096229802,41.86714299519857,2.2802381004605974,False
2020-10-01,23918364.023,10217580.426,427.18558912201235,PAC,-0.4354964159795064,41.524091026999734,2.83622728694569,False
2020-11-01,25809325.398,9504771.312,368.2688782224636,PAC,-0.7682208248569882,43.78900012969971,2.8719499707221985,False
2020-12-01,30188118.074,10664761.837,353.2768028420161,PAC,-0.4433776063885025,50.218181956898086,2.584272709759799,False
2021-01-01,27590982.735,10785062.467,390.890841786466,PAC,-0.7460542865033478,55.35157916420385,2.648736840800235,False
2021-02-01,25066185.02,9626432.457,384.0405889176669,PAC,-0.4222244307284757,62.22789423089279,2.916999992571379,False
2021-03-01,30445318.28,11434308.658,375.5687016585198,PAC,-0.3642697049061412,65.70217381352964,2.622043454128763,False
2021-04-01,27679196.593,10824127.7,391.056426209184,PAC,-0.7449740377361617,65.32857150123233,2.6850952420915877,False
2021-05-01,27875068.809,11262314.106,404.0282082591217,PAC,-0.6889460947646349,68.25849990844726,2.959499990940094,False
2021-06-01,28097486.756,12770839.334,454.5189199625794,PAC,-0.3141089586395197,73.40818162397905,3.2724090814590454,False
2021-07-01,28516300.399,13929926.13,488.48994908499736,PAC,0.2508037069686585,74.15714336576916,3.815047650110154,False
2021-08-01,27591786.623,15127599.991,548.2646048875253,PAC,0.1726165814534501,70.51363615556197,4.031454519792036,False
2021-09-01,30099644.367,13566292.299,450.7127105419731,PAC,0.2607324052224276,75.0028559366862,5.114857128688267,False
2021-10-01,24762630.029,9468832.533,382.3839601007997,PAC,0.1049763486783568,83.74619038899739,5.570619015466599,False
2021-11-01,34455560.905,13558504.021,393.50698885393746,PAC,0.141256283243798,80.78428540910993,5.120238099779401,False
2021-12-01,42217679.917,17951307.916,425.2083002024812,PAC,0.2665602434798387,74.74318140203303,3.863818190314553,False
2022-01-01,36921001.343,15323314.309,415.0297595302141,PAC,-0.0301580850774678,85.52699966430664,4.2554499983787535,False
2022-02-01,34911351.892000005,14023513.359,401.68920992754545,PAC,0.0391325131162475,94.03368457994964,4.4630000214827685,False
2022-03-01,39616890.879,16808199.263,424.2685099730943,PAC,-0.084862881384384,112.46304420802905,4.979304334391719,False
2022-04-01,32056562.931,14881777.209,464.2349599684849,PAC,0.0095340462965067,105.91699981689452,6.70460000038147,False
2022-05-01,34450723.412,15238793.48,442.3359503299129,PAC,-0.2641413651999437,111.4971429734003,8.163476194654192,False
2022-06-01,34650104.078999996,15142931.639,437.0241314275737,PAC,-0.0665287308430968,117.66381000337148,7.597904772985549,False
2022-07-01,31966367.487,14720009.644,460.484277733036,PAC,-0.2779047798467334,104.70499954223632,7.186950016021728,False
2022-08-01,30485956.088,14196020.305,465.6577036331785,PAC,-0.2689413628388448,97.74086894159733,8.77947819751242,False
2022-09-01,34980108.761,15477035.771,442.452477113383,PAC,-0.4416941037375388,90.32476116362072,7.757523854573567,False
2022-10-01,30805105.264,13291619.732,431.4745759863734,PAC,-0.0785095496077344,93.59380958193825,6.084904738834926,False
2022-11-01,32968760.174,14968369.947,454.01676823760073,PAC,-0.1990902231876802,91.1142857869466,6.42976188659668,False
2022-12-01,33530090.755,15087303.795,449.9631064300112,PAC,-0.4436108360954786,81.3414284842355,5.768047582535517,False
2023-01-01,28168435.511,13207569.268,468.87833947477617,PAC,-0.4775910867504713,83.87900009155274,3.42279999256134,False
2023-02-01,27909861.035,11927672.168,427.3640830042922,PAC,-0.4487915210037392,83.50947329872533,2.437473673569529,False
2023-03-01,32806894.989,15215896.35,463.80178176270016,PAC,-0.3062261162352524,79.2069562829059,2.4077826427376787,False
2023-04-01,27237622.611,13074187.666,480.0047292203817,PAC,-0.0824154763437812,83.36894788240132,2.197263152975785,False
2023-05-01,34375010.736,15746892.132,458.0912644053,PAC,-0.3320396618324343,75.63227358731356,2.2993181943893433,False
2023-06-01,32388406.209,14601288.117,450.8183583588202,PAC,-0.0452923337213785,74.92571367536273,2.4746190366290866,False
2023-07-01,31457045.222,13333316.566,423.85788213430567,PAC,-0.4412995036093991,80.35549964904786,2.636550009250641,False
2023-08-01,30112028.986,14359268.814,476.8615499366071,PAC,-0.4728175941367732,85.10434756071672,2.645130426987358,False
2023-09-01,29659785.92,13802290.359,465.3536743733854,PAC,-0.1145484330762106,92.76649932861328,2.6956499934196474,False
2023-10-01,28509059.607,12146205.155,426.04720472848106,PAC,-0.172629926410439,88.70409115878019,3.1491818102923306,False
2023-11-01,33235069.88,13510004.311,406.4984475669771,PAC,-0.4890669046090701,82.02772730047053,3.0499999956651167,False
2023-12-01,31982150.881,14641045.213,457.7880101772008,PAC,-0.3308871351359601,77.32399978637696,2.5388499975204466,False
2024-01-01,33062238.929,14537568.664,439.70309134898326,PAC,-0.3935362737321663,79.19714319138299,2.7149999936421714,False
2024-02-01,35731155.003,19061165.524,533.4606598191303,PAC,0.0584543953621388,81.62399940490722,1.7955000042915343,False
2024-03-01,30765744.01,14851571.044,482.73076182304226,PAC,-0.004125520335355,84.66549949645996,1.747299998998642,False
2024-04-01,37626488.362,16637547.62,442.1764651522119,PAC,0.0700371802304829,88.99999930641867,1.7912272702563892,False
2024-05-01,34550946.369,16027832.999,463.8898404641265,PAC,-0.048575282337392,82.99181851473722,2.4179999990896746,False
2024-06-01,31071872.722,14382245.519,462.8702507788291,PAC,0.0326225096549798,82.88947416606702,2.809578958310579,False
2024-07-01,35080329.264,15947302.933,454.5938783238668,PAC,-0.079418521124528,83.71772731434216,2.208681805567308,False
2024-08-01,30133791.858,15854426.926,526.1344805430095,PAC,-0.2776147117598654,78.87500138716264,2.0856363664973867,False
2024-09-01,35807377.125,16368582.439,457.12877494095426,PAC,-0.1649574501585169,72.6384994506836,2.409250020980835,False
2024-10-01,36196392.242,17221220.632999998,475.7717431578053,PAC,-0.4287092502391568,75.37695710555367,2.5769565209098486,False
2024-11-01,36181811.7,15207181.878,420.29907192292416,PAC,0.0211594769136761,73.40699996948243,2.982000005245209,False
2024-12-01,33047453.29,16070892.013,486.2974424072482,PAC,0.0957788776715801,73.12857164655414,3.406619049253918,False
2025-01-01,29228424.313,12173895.6,416.5087884872872,PAC,-0.1234651519495619,78.26333436511811,3.7213809490203857,False
2025-02-01,30205576.358,14663834.607,485.4677968465998,PAC,-0.1279204413190779,74.94052605879934,3.740947372034976,False
2025-03-01,31959967.308,14235632.179,445.4207365674193,PAC,0.0917264466877617,71.46714237758091,4.137476239885602,False
2025-04-01,27832609.339,12823342.177,460.7308650372029,PAC,-0.0064776542460986,66.45666703723725,3.425761881328764,False
2025-05-01,30260602.527000003,14010752.379,463.0030868188734,PAC,-0.4841798153016488,63.97047624133882,3.4608095600491477,False
2025-06-01,29176015.387,12787352.598,438.28303585614634,PAC,0.0052713538814251,69.35,3.643649995326996,False
2025-07-01,32804713.922,18713921.386,570.4643982110688,PAC,0.0998306039716783,69.55304353133492,3.306130429972773,False
2025-08-01,27579520.479,12225550.809,443.2836610886313,PAC,-0.422504350909103,67.2614284697033,2.888523817062378,False
2025-09-01,32117622.132,16192829.278,504.1727314509523,PAC,-0.0970560826443202,67.54857054210845,3.0097618897755942,False
2025-10-01,31784465.285000004,13077993.898,411.4586726796967,PAC,-0.2579102802725618,63.95391298376995,3.3532608695652173,False
2025-11-01,10571261.137,4909744.043,464.4426033347737,PAC,-0.4912732005992708,63.67947367617958,4.46726309625726,False
2025-12-01,8107054.0,2381692.958,293.78032488743753,PAC,-0.0298081923553141,61.62863592668013,4.394227277148854,False
2026-01-01,,,354.6894687140846,PAC,-0.4226721668536105,69.40684268349095,3.1292631375162223,False
2026-02-01,,,321.8142249212707,PAC,-0.4226721668536105,69.40684268349095,3.1292631375162223,False
2026-03-01,,,336.20665432752145,PAC,-0.4226721668536105,69.40684268349095,3.1292631375162223,False
2026-04-01,,,317.68668469290697,PAC,-0.4226721668536105,69.40684268349095,3.1292631375162223,False
2020-01-01,1650663093.64,89684550.779,54.332438354352455,Sulphur,-0.0687962719115127,63.5999999273391,2.029952355793544,False
2020-02-01,1745794716.184,93361715.179,53.47806034324144,Sulphur,0.0664885281600843,55.362105319374486,1.8434210451025712,False
2020-03-01,1463099445.341,87655577.849,59.91088174363322,Sulphur,-0.4940735526388103,33.72909112410112,1.7311818112026562,False
2020-04-01,1126802863.155,66984422.555,59.4464433356572,Sulphur,-0.5037927155689788,26.63142867315383,1.7593333437329246,False
2020-05-01,1616616211.574,94516413.276,58.46558546136016,Sulphur,-0.6476931154133148,32.256000232696536,1.8091500103473663,False
2020-06-01,1931606477.137,110613382.856,57.264967872726125,Sulphur,-0.6706100091999916,40.77272727272727,1.7008636322888462,False
2020-07-01,1375306052.971,82668211.457,60.10895631442637,Sulphur,-0.3302505292179055,43.24136369878595,1.76495454528115,False
2020-08-01,1845647909.982,105059879.253,56.92303428232128,Sulphur,-0.605661355155259,45.01999991280692,2.343476204645066,False
2020-09-01,1236933813.359,73368081.195,59.31447616890888,Sulphur,-0.7627246781601147,41.86714299519857,2.2802381004605974,False
2020-10-01,1268978571.974,81252880.693,64.03014399731313,Sulphur,-0.4143648266570272,41.524091026999734,2.83622728694569,False
2020-11-01,1680112108.754,102186679.224,60.82134560638539,Sulphur,-0.6445088391421689,43.78900012969971,2.8719499707221985,False
2020-12-01,1577458876.292,109827400.291,69.62298792166426,Sulphur,-0.4196074756915513,50.218181956898086,2.584272709759799,False
2021-01-01,1481549023.148,138494031.55900002,93.47920952674752,Sulphur,-0.784285407156633,55.35157916420385,2.648736840800235,False
2021-02-01,1638837640.171,162544512.218,99.18280385666498,Sulphur,-0.6856009172541888,62.22789423089279,2.916999992571379,False
2021-03-01,1391067594.795,147710331.61900002,106.1848699313335,Sulphur,-0.3981639615504428,65.70217381352964,2.622043454128763,False
2021-04-01,1751454697.794,241283471.433,137.76175412181797,Sulphur,-0.6860324187290292,65.32857150123233,2.6850952420915877,False
2021-05-01,1621982324.179,236217649.698,145.6351565468301,Sulphur,-0.7400673163331586,68.25849990844726,2.959499990940094,False
2021-06-01,1765299489.273,270884194.361,153.44942657438696,Sulphur,-0.3187763525289444,73.40818162397905,3.2724090814590454,False
2021-07-01,1966196323.415,324597919.10499996,165.08927172705728,Sulphur,0.1154436253749968,74.15714336576916,3.815047650110154,False
2021-08-01,1879290714.208,303690599.402,161.59852071103649,Sulphur,0.3016406642217636,70.51363615556197,4.031454519792036,False
2021-09-01,2035322822.213,355490648.254,174.66057196149168,Sulphur,0.1270869310163225,75.0028559366862,5.114857128688267,False
2021-10-01,1517015391.424,257252110.721,169.57778554871564,Sulphur,0.2536279174897843,83.74619038899739,5.570619015466599,False
2021-11-01,1781152406.16,314072079.451,176.33082849328449,Sulphur,0.2023199053150775,80.78428540910993,5.120238099779401,False
2021-12-01,1724235710.954,327318416.561,189.83391567728196,Sulphur,0.2588951735068019,74.74318140203303,3.863818190314553,False
2022-01-01,1728021594.515,389329523.763,225.3036217827314,Sulphur,0.0451911357740478,85.52699966430664,4.2554499983787535,False
2022-02-01,1857906674.94,441756102.759,237.7708787623933,Sulphur,-0.136142564204246,94.03368457994964,4.4630000214827685,False
2022-03-01,1687973015.423,444796726.025,263.5093819396962,Sulphur,-0.1088232442984396,112.46304420802905,4.979304334391719,False
2022-04-01,1777786063.36,579858690.9549999,326.16899350592956,Sulphur,-0.1054322646197939,105.91699981689452,6.70460000038147,False
2022-05-01,1548589473.146,543836031.38,351.18153701199,Sulphur,0.0352279331062679,111.4971429734003,8.163476194654192,False
2022-06-01,2036513194.612,790682955.6620001,388.25329379348426,Sulphur,-0.3315365825354865,117.66381000337148,7.597904772985549,False
2022-07-01,1579492743.2719998,601553756.885,380.8524980234165,Sulphur,-0.4907260300826795,104.70499954223632,7.186950016021728,False
2022-08-01,1885042826.029,434161040.915,230.3189269336636,Sulphur,0.0106820029101141,97.74086894159733,8.77947819751242,False
2022-09-01,1594817748.496,289632881.834,181.60876508123863,Sulphur,-0.1309956639804981,90.32476116362072,7.757523854573567,False
2022-10-01,1724734372.533,315944643.412,183.18452304513048,Sulphur,-0.2843053092681469,93.59380958193825,6.084904738834926,False
2022-11-01,1435877855.723,228419630.819,159.08012642481003,Sulphur,-0.0210228926199349,91.1142857869466,6.42976188659668,False
2022-12-01,1666540582.134,232933798.921,139.7708531182175,Sulphur,-0.1530319154022956,81.3414284842355,5.768047582535517,False
2023-01-01,1148352702.158,187180721.245,162.99933016506816,Sulphur,-0.006439663604205,83.87900009155274,3.42279999256134,False
2023-02-01,1408485300.793,209566828.863,148.78879370981758,Sulphur,-0.4689909672988354,83.50947329872533,2.437473673569529,False
2023-03-01,1517555744.127,209705412.601,138.18629952314316,Sulphur,-0.0228882831387778,79.2069562829059,2.4077826427376787,False
2023-04-01,1490545048.017,208566070.376,139.92604292870809,Sulphur,-0.2546282333514381,83.36894788240132,2.197263152975785,False
2023-05-01,1507401475.847,185169521.398,122.84021500904682,Sulphur,0.0729191683979164,75.63227358731356,2.2993181943893433,False
2023-06-01,1359163722.854,148007241.863,108.89581540052536,Sulphur,-0.4913639068221465,74.92571367536273,2.4746190366290866,False
2023-07-01,1422762241.869,147600692.515,103.74234581956964,Sulphur,-0.2050304749299006,80.35549964904786,2.636550009250641,False
2023-08-01,1441375956.199,148386838.592,102.94804624277592,Sulphur,-0.2752324312241173,85.10434756071672,2.645130426987358,False
2023-09-01,1432937170.986,128449825.36,89.64093329480318,Sulphur,-0.4840932136750269,92.76649932861328,2.6956499934196474,False
2023-10-01,1279752568.535,130555831.37,102.0164636351964,Sulphur,0.064878885265915,88.70409115878019,3.1491818102923306,False
2023-11-01,1243569968.448,123622270.221,99.40917950542264,Sulphur,-0.443334223546443,82.02772730047053,3.0499999956651167,False
2023-12-01,1413895019.716,126144973.499,89.2180619777117,Sulphur,-0.4291011034270062,77.32399978637696,2.5388499975204466,False
2024-01-01,1322520496.062,110746508.079,83.73897297528778,Sulphur,-0.049631149015485,79.19714319138299,2.7149999936421714,False
2024-02-01,1281912867.919,108515880.799,84.65152625791161,Sulphur,0.015047651105807,81.62399940490722,1.7955000042915343,False
2024-03-01,806338576.138,75015439.204,93.03218452388856,Sulphur,-0.307970239381633,84.66549949645996,1.747299998998642,False
2024-04-01,940467891.313,94861714.018,100.86651005762916,Sulphur,0.0703642881625336,88.99999930641867,1.7912272702563892,False
2024-05-01,961897963.653,91023276.716,94.62882775042053,Sulphur,-0.0250525737644909,82.99181851473722,2.4179999990896746,False
2024-06-01,726763251.975,70173914.637,96.55677340082946,Sulphur,-0.2894509924687528,82.88947416606702,2.809578958310579,False
2024-07-01,940223673.461,92240141.501,98.104466101625,Sulphur,-0.4563421961814838,83.71772731434216,2.208681805567308,False
2024-08-01,884108270.924,92122429.739,104.19813134733025,Sulphur,-0.0123202596454984,78.87500138716264,2.0856363664973867,False
2024-09-01,795299276.167,99096038.76,124.60219910874336,Sulphur,-0.2454667944518142,72.6384994506836,2.409250020980835,False
2024-10-01,885425865.808,111542214.113,125.97578004027652,Sulphur,-0.429484251933737,75.37695710555367,2.5769565209098486,False
2024-11-01,948610874.0,123040666.561,129.7061523680151,Sulphur,-0.3658424968883284,73.40699996948243,2.982000005245209,False
2024-12-01,1062681533.463,144586828.37,136.05847454488975,Sulphur,-0.4557220611587607,73.12857164655414,3.406619049253918,False
2025-01-01,866808463.252,140244848.57999998,161.79450769763395,Sulphur,-0.1494114128461398,78.26333436511811,3.7213809490203857,False
2025-02-01,994875140.878,159139661.095,159.959430642277,Sulphur,-0.3335712902113204,74.94052605879934,3.740947372034976,False
2025-03-01,975829419.968,169535112.694,173.73437326736828,Sulphur,-0.0811029715881529,71.46714237758091,4.137476239885602,False
2025-04-01,1015978171.694,225681356.806,222.13209209968383,Sulphur,0.0698799479751544,66.45666703723725,3.425761881328764,False
2025-05-01,707658491.462,161923763.935,228.81625231468732,Sulphur,-0.2741219798731703,63.97047624133882,3.4608095600491477,False
2025-06-01,1127498594.567,295641807.053,262.2103552745776,Sulphur,0.0029972228266826,69.35,3.643649995326996,False
2025-07-01,887036512.118,220029863.416,248.05051473093144,Sulphur,0.0979821022443432,69.55304353133492,3.306130429972773,False
2025-08-01,705222198.758,181318394.809,257.10817828526723,Sulphur,0.0724306163552334,67.2614284697033,2.888523817062378,False
2025-09-01,899203033.709,231298130.034,257.22570027366334,Sulphur,-0.187815379457724,67.54857054210845,3.0097618897755942,False
2025-10-01,699198072.265,209333097.27,299.39026661197886,Sulphur,-0.4195908629296155,63.95391298376995,3.3532608695652173,False
2025-11-01,145394975.296,44375272.665,305.2049947025977,Sulphur,-0.2896474647160418,63.67947367617958,4.46726309625726,False
2025-12-01,99306501.16,31510405.951,317.30456297348826,Sulphur,-0.2620743306072379,61.62863592668013,4.394227277148854,False
2026-01-01,,,260.1734521952606,Sulphur,-0.4231724966253365,69.40684268349095,3.1292631375162223,False
2026-02-01,,,280.7978187152432,Sulphur,-0.4231724966253365,69.40684268349095,3.1292631375162223,False
2026-03-01,,,271.93900977748655,Sulphur,-0.4231724966253365,69.40684268349095,3.1292631375162223,False
2026-04-01,,,272.4779626437776,Sulphur,-0.4231724966253365,69.40684268349095,3.1292631375162223,False
2020-01-01,1608418149.551,79606279.458,49.49352224122974,Sulphuric Acid,-0.0688010959327594,63.5999999273391,2.029952355793544,False
2020-02-01,1102464373.572,59427427.112,53.90417009073437,Sulphuric Acid,-0.0575321778643447,55.362105319374486,1.8434210451025712,False
2020-03-01,1955470747.119,89675838.645,45.858951752216,Sulphuric Acid,-0.7302530696739791,33.72909112410112,1.7311818112026562,False
2020-04-01,1815400037.102,89007577.544,49.02918129608864,Sulphuric Acid,-0.7767747936400011,26.63142867315383,1.7593333437329246,False
2020-05-01,1357871185.533,71107878.853,52.367175627994705,Sulphuric Acid,-0.7511639429968081,32.256000232696536,1.8091500103473663,False
2020-06-01,1257827654.181,50830648.969,40.41145764289702,Sulphuric Acid,-0.468738857823009,40.77272727272727,1.7008636322888462,False
2020-07-01,1778139519.806,69840084.049,39.277055186659226,Sulphuric Acid,-0.3525863247861756,43.24136369878595,1.76495454528115,False
2020-08-01,1761579623.775,66525844.798999995,37.76488096316507,Sulphuric Acid,-0.6643254841130521,45.01999991280692,2.343476204645066,False
2020-09-01,1854359076.857,74043338.546,39.929342418135064,Sulphuric Acid,-0.3065565316997414,41.86714299519857,2.2802381004605974,False
2020-10-01,1111356726.153,61984440.487,55.773667471794866,Sulphuric Acid,-0.7629776741329548,41.524091026999734,2.83622728694569,False
2020-11-01,1450914479.156,74767972.155,51.531619009338634,Sulphuric Acid,-0.6374083389866265,43.78900012969971,2.8719499707221985,False
2020-12-01,1418223586.764,76359316.971,53.84152236900189,Sulphuric Acid,-0.5193614012152519,50.218181956898086,2.584272709759799,False
2021-01-01,1177771704.036,57453522.225,48.78154401919972,Sulphuric Acid,-0.4817947943681098,55.35157916420385,2.648736840800235,False
2021-02-01,1012225685.715,52517504.098,51.88319644438138,Sulphuric Acid,-0.7615100450856036,62.22789423089279,2.916999992571379,False
2021-03-01,1777406412.345,89213065.46,50.19283425578385,Sulphuric Acid,-0.7067149705569822,65.70217381352964,2.622043454128763,False
2021-04-01,1339408033.94,78896836.874,58.9042583550266,Sulphuric Acid,-0.5864461056868719,65.32857150123233,2.6850952420915877,False
2021-05-01,1077970854.57,77783842.806,72.15764923164623,Sulphuric Acid,-0.6311924142981861,68.25849990844726,2.959499990940094,False
2021-06-01,1342846387.09,99475170.636,74.07784806389252,Sulphuric Acid,-0.674108852087318,73.40818162397905,3.2724090814590454,False
2021-07-01,1313969313.964,109486273.044,83.32483253638577,Sulphuric Acid,0.1835939392709834,74.15714336576916,3.815047650110154,False
2021-08-01,1210090299.738,98500680.205,81.39944616226298,Sulphuric Acid,0.3284858845986153,70.51363615556197,4.031454519792036,False
2021-09-01,1263658446.526,100018904.873,79.15026813453272,Sulphuric Acid,0.3505907486767714,75.0028559366862,5.114857128688267,False
2021-10-01,1770256366.84,153263365.41099998,86.5769321788025,Sulphuric Acid,0.1679487325593814,83.74619038899739,5.570619015466599,False
2021-11-01,1587278177.656,153419106.166,96.6554623667544,Sulphuric Acid,0.1340420563721767,80.78428540910993,5.120238099779401,False
2021-12-01,1484276322.504,144139090.62,97.11068514307016,Sulphuric Acid,0.1725556872701355,74.74318140203303,3.863818190314553,False
2022-01-01,1581582161.583,173078348.60300002,109.43367521910244,Sulphuric Acid,0.0794220519905154,85.52699966430664,4.2554499983787535,False
2022-02-01,1614063874.812,182268306.348,112.92508877272896,Sulphuric Acid,-0.4944817690300222,94.03368457994964,4.4630000214827685,False
2022-03-01,1871451315.875,229874836.868,122.83238944985412,Sulphuric Acid,-0.3654384143236641,112.46304420802905,4.979304334391719,False
2022-04-01,1341342459.428,174278181.099,129.92817745687327,Sulphuric Acid,-0.159014837998717,105.91699981689452,6.70460000038147,False
2022-05-01,1636272242.921,216930279.991,132.5759090087269,Sulphuric Acid,-0.1213168244016422,111.4971429734003,8.163476194654192,False
2022-06-01,1323577297.84,186931979.397,141.23238567332783,Sulphuric Acid,-0.4854104201411277,117.66381000337148,7.597904772985549,False
2022-07-01,1314696554.22,181817914.601,138.29648675763912,Sulphuric Acid,0.0569911375526352,104.70499954223632,7.186950016021728,False
2022-08-01,1522419667.809,207879075.573,136.54518525248068,Sulphuric Acid,-0.3098467969062334,97.74086894159733,8.77947819751242,False
2022-09-01,1484113321.921,167913707.835,113.14075910164098,Sulphuric Acid,0.0940323100625579,90.32476116362072,7.757523854573567,False
2022-10-01,1520857716.698,129895450.042,85.40933751779333,Sulphuric Acid,-0.323844893441304,93.59380958193825,6.084904738834926,False
2022-11-01,1247841824.863,117535467.501,94.19099853773868,Sulphuric Acid,-0.1100216415333409,91.1142857869466,6.42976188659668,False
2022-12-01,1880275882.187,125401108.463,66.69293035718917,Sulphuric Acid,-0.4784346357219547,81.3414284842355,5.768047582535517,False
2023-01-01,1371262799.471,119559077.539,87.18903304685506,Sulphuric Acid,-0.2838856151532423,83.87900009155274,3.42279999256134,False
2023-02-01,1148989730.323,95996192.109,83.54834649567658,Sulphuric Acid,-0.1811872210591112,83.50947329872533,2.437473673569529,False
2023-03-01,1193146795.964,92178744.361,77.25683434159869,Sulphuric Acid,-0.3375006492427554,79.2069562829059,2.4077826427376787,False
2023-04-01,954838714.006,78848064.885,82.57736487683358,Sulphuric Acid,-0.3960234079574925,83.36894788240132,2.197263152975785,False
2023-05-01,1219520832.236,80806368.887,66.26075319996048,Sulphuric Acid,-0.0572618499825389,75.63227358731356,2.2993181943893433,False
2023-06-01,1185510559.911,83401710.764,70.35087968365396,Sulphuric Acid,-0.4303564156958502,74.92571367536273,2.4746190366290866,False
2023-07-01,1070326741.477,68780631.754,64.26134103599617,Sulphuric Acid,-0.2159169375316606,80.35549964904786,2.636550009250641,False
2023-08-01,1449378008.787,81398975.887,56.161315677146,Sulphuric Acid,-0.1244840505714581,85.10434756071672,2.645130426987358,False
2023-09-01,1090040046.459,75665684.253,69.41550863089877,Sulphuric Acid,-0.148534651235922,92.76649932861328,2.6956499934196474,False
2023-10-01,1157485516.841,74161089.508,64.07085741374962,Sulphuric Acid,-0.2683384173195354,88.70409115878019,3.1491818102923306,False
2023-11-01,1440601855.851,91986022.087,63.85249450665293,Sulphuric Acid,-0.0901959359501859,82.02772730047053,3.0499999956651167,False
2023-12-01,1248382909.174,94211256.178,75.46663406369079,Sulphuric Acid,-0.0819577007815096,77.32399978637696,2.5388499975204466,False
2024-01-01,1716195390.052,94046387.52,54.79934747823232,Sulphuric Acid,-0.0158991564396416,79.19714319138299,2.7149999936421714,False
2024-02-01,1160583557.281,79817080.286,68.77323031613028,Sulphuric Acid,-0.242603583574989,81.62399940490722,1.7955000042915343,False
2024-03-01,1138585751.773,74751040.4,65.65253454436616,Sulphuric Acid,0.0373139370977202,84.66549949645996,1.747299998998642,False
2024-04-01,1148357206.969,76611633.426,66.71411383241151,Sulphuric Acid,-0.1559372671260283,88.99999930641867,1.7912272702563892,False
2024-05-01,1339276623.547,85734576.46,64.0155849453541,Sulphuric Acid,-0.0262291143232676,82.99181851473722,2.4179999990896746,False
2024-06-01,1105697497.444,73575821.941,66.54245135860623,Sulphuric Acid,-0.4297597901434364,82.88947416606702,2.809578958310579,False
2024-07-01,1211581900.503,86543036.559,71.42978656504427,Sulphuric Acid,-0.0068839644257862,83.71772731434216,2.208681805567308,False
2024-08-01,1444371581.781,103595399.223,71.72350974619732,Sulphuric Acid,0.0683491464303152,78.87500138716264,2.0856363664973867,False
2024-09-01,1230911580.628,90268484.509,73.33466183082446,Sulphuric Acid,0.0438126310568415,72.6384994506836,2.409250020980835,False
2024-10-01,1313066414.753,100629586.115,76.63708780026131,Sulphuric Acid,-0.1104738187303618,75.37695710555367,2.5769565209098486,False
2024-11-01,1456592452.316,105695660.668,72.56364709287254,Sulphuric Acid,0.0779335236643667,73.40699996948243,2.982000005245209,False
2024-12-01,1988743991.832,145322814.239,73.07266035038069,Sulphuric Acid,-0.1676874293592075,73.12857164655414,3.406619049253918,False
2025-01-01,1215790116.054,108459290.144,89.20889281121835,Sulphuric Acid,0.0406948062945933,78.26333436511811,3.7213809490203857,False
2025-02-01,882138477.066,71578427.982,81.1419406849483,Sulphuric Acid,-0.3871273041657432,74.94052605879934,3.740947372034976,False
2025-03-01,991195698.692,95085220.816,95.92981581889046,Sulphuric Acid,-0.1783421801935277,71.46714237758091,4.137476239885602,False
2025-04-01,1105141365.151,99277670.819,89.83255350815259,Sulphuric Acid,-0.064568294966984,66.45666703723725,3.425761881328764,False
2025-05-01,696182152.54,84236424.835,120.99767931088996,Sulphuric Acid,-0.0136680015309002,63.97047624133882,3.4608095600491477,False
2025-06-01,794689656.409,78717651.301,99.05458145347582,Sulphuric Acid,-0.2187841041230178,69.35,3.643649995326996,False
2025-07-01,791702899.793,85284420.019,107.7227581726663,Sulphuric Acid,-0.1667409766384235,69.55304353133492,3.306130429972773,False
2025-08-01,803794947.868,75313185.754,93.69701309240872,Sulphuric Acid,-0.1362952193294719,67.2614284697033,2.888523817062378,False
2025-09-01,821152470.643,88515613.641,107.79437047992832,Sulphuric Acid,-0.0366089649586164,67.54857054210845,3.0097618897755942,False
2025-10-01,572206306.18,71668419.14,125.24926475985944,Sulphuric Acid,-0.4827303942119966,63.95391298376995,3.3532608695652173,False
2025-11-01,288289277.423,29869566.752,103.60970417978152,Sulphuric Acid,-0.1460493878872201,63.67947367617958,4.46726309625726,False
2025-12-01,32683741.046,5511269.297,168.6241880708603,Sulphuric Acid,-0.1267479798632759,61.62863592668013,4.394227277148854,False
2026-01-01,,,120.36057481810336,Sulphuric Acid,-0.4088583838926234,69.40684268349095,3.1292631375162223,False
2026-02-01,,,131.8244062006043,Sulphuric Acid,-0.4088583838926234,69.40684268349095,3.1292631375162223,False
2026-03-01,,,125.60707941827587,Sulphuric Acid,-0.4088583838926234,69.40684268349095,3.1292631375162223,False
2026-04-01,,,129.14605577979242,Sulphuric Acid,-0.4088583838926234,69.40684268349095,3.1292631375162223,False
2020-01-01,2718783561.8999996,666284306.619,245.0670645343216,Urea,-0.0883832775663601,63.5999999273391,2.029952355793544,False
2020-02-01,2328456284.956,562921100.228,241.75721222038635,Urea,-0.0636350065585798,55.362105319374486,1.8434210451025712,False
2020-03-01,3008726264.226,733515118.261,243.7958969490028,Urea,-0.653927675732391,33.72909112410112,1.7311818112026562,False
2020-04-01,2617405043.9049997,649821569.58,248.2693960925926,Urea,-0.4962275740492808,26.63142867315383,1.7593333437329246,False
2020-05-01,3226998334.506,791898921.292,245.3979950421098,Urea,-0.4578834867439216,32.256000232696536,1.8091500103473663,False
2020-06-01,2935455071.686,680796728.776,231.92204007570777,Urea,-0.6441444619552945,40.77272727272727,1.7008636322888462,False
2020-07-01,2737653219.018,654602051.51,239.1106539581396,Urea,-0.5010500105944575,43.24136369878595,1.76495454528115,False
2020-08-01,2714796999.899,636410816.234,234.4229849442432,Urea,-0.3856312454240354,45.01999991280692,2.343476204645066,False
2020-09-01,3666596023.048,915968377.036,249.81437040739652,Urea,-0.4138776153516713,41.86714299519857,2.2802381004605974,False
2020-10-01,3432213870.293,904013046.547,263.39065125618947,Urea,-0.6207671357278637,41.524091026999734,2.83622728694569,False
2020-11-01,2925546376.4500003,766530920.587,262.0129103942443,Urea,-0.435196910830968,43.78900012969971,2.8719499707221985,False
2020-12-01,3152071902.151,809538067.279,256.82728453198183,Urea,-0.4145164100227195,50.218181956898086,2.584272709759799,False
2021-01-01,2617760210.1610003,744573633.0929999,284.43156489387025,Urea,-0.6428220094618367,55.35157916420385,2.648736840800235,False
2021-02-01,2283318736.192,684231974.258,299.66555409566973,Urea,-0.655124273543116,62.22789423089279,2.916999992571379,False
2021-03-01,3134761644.665,979103852.277,312.33757563141074,Urea,-0.3537205007550111,65.70217381352964,2.622043454128763,False
2021-04-01,2894292740.649,984587988.491,340.1825857705815,Urea,-0.3909926170387535,65.32857150123233,2.6850952420915877,False
2021-05-01,3032354219.499,1025792694.609,338.282608282643,Urea,-0.3285451480437404,68.25849990844726,2.959499990940094,False
2021-06-01,3235276328.505,1165955508.399,360.3882296316186,Urea,-0.5513757470538073,73.40818162397905,3.2724090814590454,False
2021-07-01,2749674023.924,1012394357.205,368.18704631767014,Urea,0.3724797657899961,74.15714336576916,3.815047650110154,False
2021-08-01,3281645132.794,1317273195.721,401.4063502958562,Urea,0.1712912631977199,70.51363615556197,4.031454519792036,False
2021-09-01,3916626063.659,1649690297.06,421.2018891379235,Urea,0.1962340194915207,75.0028559366862,5.114857128688267,False
2021-10-01,3312536480.683,1579158716.377,476.7219095052498,Urea,0.293551837122835,83.74619038899739,5.570619015466599,False
2021-11-01,3264175215.445,2022732477.842,619.6764402447201,Urea,0.3774080854835688,80.78428540910993,5.120238099779401,False
2021-12-01,2939630944.437,1985039548.649,675.2682857708779,Urea,0.1279308303417697,74.74318140203303,3.863818190314553,False
2022-01-01,2137206252.796,1622205974.619,759.0310820477664,Urea,0.0774172848530234,85.52699966430664,4.2554499983787535,False
2022-02-01,2258141315.301,1554906853.672,688.5781873508381,Urea,-0.4391170742803807,94.03368457994964,4.4630000214827685,False
2022-03-01,2672273383.178,1946538447.92,728.4204004625755,Urea,-0.0726924671914785,112.46304420802905,4.979304334391719,False
2022-04-01,2437774787.588,1971466149.688,808.7154562947228,Urea,-0.4437951393031445,105.91699981689452,6.70460000038147,False
2022-05-01,2634619134.738,2058085779.705,781.1701329306812,Urea,-0.0231132178750109,111.4971429734003,8.163476194654192,False
2022-06-01,2471767666.153,1827437164.484,739.3240026188139,Urea,-0.1127166224556993,117.66381000337148,7.597904772985549,False
2022-07-01,2077481264.452,1413325751.959,680.3073395378169,Urea,-0.2430895110096114,104.70499954223632,7.186950016021728,False
2022-08-01,2228837881.854,1541514610.558,691.6225819330259,Urea,-0.3983043519883445,97.74086894159733,8.77947819751242,False
2022-09-01,2705316162.31,1912946934.946,707.106607943592,Urea,-0.4159495908580856,90.32476116362072,7.757523854573567,False
2022-10-01,2159930931.803,1616881809.069,748.5803297049456,Urea,-0.0143833067128918,93.59380958193825,6.084904738834926,False
2022-11-01,2555292804.869,1811851179.354,709.0581462529834,Urea,-0.078819873645378,91.1142857869466,6.42976188659668,False
2022-12-01,2308016373.779,1451386502.794,628.8458432457269,Urea,-0.2206411891205239,81.3414284842355,5.768047582535517,False
2023-01-01,2874840478.451,1536561309.468,534.4857639878225,Urea,-0.4237636924088691,83.87900009155274,3.42279999256134,False
2023-02-01,2278141226.418,1073289790.944,471.12522195630976,Urea,-0.1756189270339361,83.50947329872533,2.437473673569529,False
2023-03-01,2399565747.184,1057495190.001,440.70273600213653,Urea,-0.2366171475766183,79.2069562829059,2.4077826427376787,False
2023-04-01,2433375849.392,916707251.194,376.7224251128518,Urea,-0.4061377743973484,83.36894788240132,2.197263152975785,False
2023-05-01,2469283859.879,911265226.68,369.0402879499863,Urea,-0.1673875684931596,75.63227358731356,2.2993181943893433,False
2023-06-01,2059621571.835,760459575.603,369.22296115080786,Urea,-0.4723984147869483,74.92571367536273,2.4746190366290866,False
2023-07-01,2437977746.949,855657291.612,350.9700991663315,Urea,-0.3960788780539909,80.35549964904786,2.636550009250641,False
2023-08-01,2774050403.595,921772058.418,332.2838176348345,Urea,-0.1981182448519474,85.10434756071672,2.645130426987358,False
2023-09-01,3442741577.27,1271927000.202,369.4517789542029,Urea,0.0641381448549745,92.76649932861328,2.6956499934196474,False
2023-10-01,3054387256.06,1172610797.967,383.91032297574696,Urea,0.0767143382943485,88.70409115878019,3.1491818102923306,False
2023-11-01,2513538145.959,1020757245.404,406.1037414709878,Urea,-0.4572868109238626,82.02772730047053,3.0499999956651167,False
2023-12-01,2406510864.547,950885369.419,395.130303971428,Urea,-0.1226342919320696,77.32399978637696,2.5388499975204466,False
2024-01-01,2560941700.769,891069821.158,347.9461562480822,Urea,0.0943030852004039,79.19714319138299,2.7149999936421714,False
2024-02-01,2072873085.305,760965016.903,367.1064197309661,Urea,-0.0494773593251016,81.62399940490722,1.7955000042915343,False
2024-03-01,2277787421.091,884746141.381,388.42349079144094,Urea,-0.2664789927595021,84.66549949645996,1.747299998998642,False
2024-04-01,2044766834.963,765910764.781,374.57119886965455,Urea,-0.1208976726981204,88.99999930641867,1.7912272702563892,False
2024-05-01,2410982148.441,823166316.49,341.42364638505495,Urea,-0.4452763381707857,82.99181851473722,2.4179999990896746,False
2024-06-01,2359020606.0,778180843.564,329.87454267451193,Urea,-0.4142049907682985,82.88947416606702,2.809578958310579,False
2024-07-01,2060406955.757,752791908.1159999,365.3607875922851,Urea,-0.0762546637061022,83.71772731434216,2.208681805567308,False
2024-08-01,2012277971.056,662493489.2609999,329.22563323263813,Urea,0.0916006382937225,78.87500138716264,2.0856363664973867,False
2024-09-01,2318722614.248,721460748.951,311.1457767814895,Urea,-0.4332815106163092,72.6384994506836,2.409250020980835,False
2024-10-01,2297446539.605,834865302.95,363.3883481325918,Urea,-0.052373072440746,75.37695710555367,2.5769565209098486,False
2024-11-01,2225057734.99,841139885.764,378.0305888412286,Urea,-0.4927073151861102,73.40699996948243,2.982000005245209,False
2024-12-01,2437879472.06,874147251.113,358.5686910002768,Urea,0.0815815213714593,73.12857164655414,3.406619049253918,False
2025-01-01,2410697687.696,912190605.903,378.3927825370824,Urea,-0.4727321717951253,78.26333436511811,3.7213809490203857,False
2025-02-01,2078210966.487,851185781.383,409.57621488343955,Urea,-0.2217809570360107,74.94052605879934,3.740947372034976,False
2025-03-01,2028980427.979,842986615.658,415.4730149357187,Urea,-0.3142834302282034,71.46714237758091,4.137476239885602,False
2025-04-01,1788447636.315,765757607.972,428.1688725031962,Urea,-0.1319508824385261,66.45666703723725,3.425761881328764,False
2025-05-01,1575914795.143,702331649.733,445.6660042139333,Urea,0.0923656775889666,63.97047624133882,3.4608095600491477,False
2025-06-01,1491556699.831,641122560.516,429.8345216032632,Urea,-0.2511082985974009,69.35,3.643649995326996,False
2025-07-01,1164112934.214,503637572.974,432.63635182788533,Urea,-0.0386075508916937,69.55304353133492,3.306130429972773,False
2025-08-01,880777824.749,402445991.556,456.92112159009815,Urea,-0.3628143166979223,67.2614284697033,2.888523817062378,False
2025-09-01,999709825.474,465352445.047,465.4875176667979,Urea,-0.187901899332804,67.54857054210845,3.0097618897755942,False
2025-10-01,1178612566.048,524922010.201,445.37282676453503,Urea,-0.0469176465958286,63.95391298376995,3.3532608695652173,False
2025-11-01,539045933.143,223121772.471,413.9197770587937,Urea,-0.2646535729401606,63.67947367617958,4.46726309625726,False
2025-12-01,224616795.6,90228380.947,401.6991726107591,Urea,0.017418225248047,61.62863592668013,4.394227277148854,False
2026-01-01,,,433.2361782907544,Urea,-0.4167036964103539,69.40684268349095,3.1292631375162223,False
2026-02-01,,,426.1859485107953,Urea,-0.4167036964103539,69.40684268349095,3.1292631375162223,False
2026-03-01,,,430.3814471519775,Urea,-0.4167036964103539,69.40684268349095,3.1292631375162223,False
2026-04-01,,,430.2918369695885,Urea,-0.4167036964103539,69.40684268349095,3.1292631375162223,False
2020-01-01,991687313.816,2153265269.044,2171.3147269760498,Water Treatment Chemicals,0.073235229154987,63.5999999273391,2.029952355793544,False
2020-02-01,962135094.956,2077653057.985,2159.419263341615,Water Treatment Chemicals,-0.0633190980293132,55.362105319374486,1.8434210451025712,False
2020-03-01,1325514355.078,2947870257.586,2223.944423002897,Water Treatment Chemicals,-0.6168190783531542,33.72909112410112,1.7311818112026562,False
2020-04-01,1051100154.913,2410894434.387,2293.686689244709,Water Treatment Chemicals,-0.7147379381563543,26.63142867315383,1.7593333437329246,False
2020-05-01,983651383.545,2349434607.264,2388.482999735971,Water Treatment Chemicals,-0.5799237531301994,32.256000232696536,1.8091500103473663,False
2020-06-01,924413752.079,2112657895.175,2285.4029274485015,Water Treatment Chemicals,-0.5399659894110946,40.77272727272727,1.7008636322888462,False
2020-07-01,1054992928.91,2581627874.2009997,2447.0570403427178,Water Treatment Chemicals,-0.3390628824884416,43.24136369878595,1.76495454528115,False
2020-08-01,1017888330.039,2437660541.726,2394.8211898967365,Water Treatment Chemicals,-0.6216233366532053,45.01999991280692,2.343476204645066,False
2020-09-01,1104562400.042,2740816264.932,2481.359373474765,Water Treatment Chemicals,-0.7006421592329138,41.86714299519857,2.2802381004605974,False
2020-10-01,1152745294.73,2831081837.69,2455.9474244942426,Water Treatment Chemicals,-0.7420654702374352,41.524091026999734,2.83622728694569,False
2020-11-01,1141439574.308,2763459914.618,2421.030404779292,Water Treatment Chemicals,-0.4812212643223935,43.78900012969971,2.8719499707221985,False
2020-12-01,1118863427.126,2938658399.875,2626.46747460811,Water Treatment Chemicals,-0.5531022018178047,50.218181956898086,2.584272709759799,False
2021-01-01,1138488462.765,2568836956.995,2256.357478367564,Water Treatment Chemicals,-0.5457146544176487,55.35157916420385,2.648736840800235,False
2021-02-01,1073427799.247,2856049682.941,2660.6816824983416,Water Treatment Chemicals,-0.7193893563729978,62.22789423089279,2.916999992571379,False
2021-03-01,1483438270.738,3563910511.246,2402.4663388743365,Water Treatment Chemicals,-0.5303288790421747,65.70217381352964,2.622043454128763,False
2021-04-01,1217319797.994,2968981396.375,2438.949404476566,Water Treatment Chemicals,-0.3696347083718283,65.32857150123233,2.6850952420915877,False
2021-05-01,1214006149.702,2946670318.902,2427.228494374031,Water Treatment Chemicals,-0.6383985339896224,68.25849990844726,2.959499990940094,False
2021-06-01,1269164363.629,3473515106.612,2736.8520627855983,Water Treatment Chemicals,-0.6495608450916153,73.40818162397905,3.2724090814590454,False
2021-07-01,1207515966.47,3389823867.654,2807.270431018535,Water Treatment Chemicals,0.1718685672000917,74.15714336576916,3.815047650110154,False
2021-08-01,1198079063.76,3255919616.087,2717.616653669551,Water Treatment Chemicals,0.3184649045835579,70.51363615556197,4.031454519792036,False
2021-09-01,1260869051.813,3412011342.581,2706.079063226176,Water Treatment Chemicals,0.1559555531199563,75.0028559366862,5.114857128688267,False
2021-10-01,1215697166.067,3499967790.548,2878.9799698810093,Water Treatment Chemicals,0.1523099287014974,83.74619038899739,5.570619015466599,False
2021-11-01,1287454014.086,3476204188.936,2700.060857244564,Water Treatment Chemicals,0.3632018060142943,80.78428540910993,5.120238099779401,False
2021-12-01,1275420403.252,3555386126.583,2787.618982350967,Water Treatment Chemicals,0.3691647273859981,74.74318140203303,3.863818190314553,False
2022-01-01,1242069990.42,3296952852.886,2654.401827848003,Water Treatment Chemicals,0.0559751091715247,85.52699966430664,4.2554499983787535,False
2022-02-01,1118297205.069,3123603997.906,2793.1787576212987,Water Treatment Chemicals,-0.1018989385351665,94.03368457994964,4.4630000214827685,False
2022-03-01,1356949511.748,3827827945.81,2820.906682724735,Water Treatment Chemicals,-0.3576505475019199,112.46304420802905,4.979304334391719,False
2022-04-01,1288022231.593,3635541390.702,2822.576584105723,Water Treatment Chemicals,-0.2793705181643399,105.91699981689452,6.70460000038147,False
2022-05-01,1261847261.996,3235878094.929,2564.3976037246075,Water Treatment Chemicals,-0.1984177441368847,111.4971429734003,8.163476194654192,False
2022-06-01,1263295038.176,3727944337.56,2950.9688749688803,Water Treatment Chemicals,-0.3937335923557706,117.66381000337148,7.597904772985549,False
2022-07-01,1206428991.097,3480751910.668,2885.16931900233,Water Treatment Chemicals,0.0799928914262017,104.70499954223632,7.186950016021728,False
2022-08-01,1097975806.732,2915114989.19,2654.99018404286,Water Treatment Chemicals,-0.1659192425249899,97.74086894159733,8.77947819751242,False
2022-09-01,1236795253.475,3470857952.766,2806.3318831585075,Water Treatment Chemicals,-0.1890022085817579,90.32476116362072,7.757523854573567,False
2022-10-01,1156036169.124,3201095690.356,2769.027281198016,Water Treatment Chemicals,-0.0139319631924915,93.59380958193825,6.084904738834926,False
2022-11-01,1184011735.461,3353767744.285,2832.546032982685,Water Treatment Chemicals,-0.0225243983383393,91.1142857869466,6.42976188659668,False
2022-12-01,1114827488.701,2927970049.918,2626.3884588365136,Water Treatment Chemicals,-0.174413219175454,81.3414284842355,5.768047582535517,False
2023-01-01,1044612528.368,3135151935.577,3001.258218178805,Water Treatment Chemicals,-0.1866540439671173,83.87900009155274,3.42279999256134,False
2023-02-01,1075705912.37,3149449066.544,2927.7974865873143,Water Treatment Chemicals,-0.117542059101076,83.50947329872533,2.437473673569529,False
2023-03-01,1193658085.325,3190956256.767,2673.258193445061,Water Treatment Chemicals,-0.4529261711946404,79.2069562829059,2.4077826427376787,False
2023-04-01,1074803581.392,2952056257.1949997,2746.600689003782,Water Treatment Chemicals,-0.3498542611012428,83.36894788240132,2.197263152975785,False
2023-05-01,1129980374.436,3388381105.406,2998.6194292066543,Water Treatment Chemicals,-0.1329675522593886,75.63227358731356,2.2993181943893433,False
2023-06-01,1110954033.165,3419104347.68,3077.628997789678,Water Treatment Chemicals,-0.4755627186086179,74.92571367536273,2.4746190366290866,False
2023-07-01,1061516992.999,3277272332.902,3087.3479694781367,Water Treatment Chemicals,-0.2396890104572162,80.35549964904786,2.636550009250641,False
2023-08-01,1087913906.94,3397168925.455,3122.6450032340276,Water Treatment Chemicals,0.0138939047129933,85.10434756071672,2.645130426987358,False
2023-09-01,1067110582.556,3015670488.405,2826.014976987395,Water Treatment Chemicals,-0.1547154932744726,92.76649932861328,2.6956499934196474,False
2023-10-01,1188232460.679,3214082559.047,2704.9274156425204,Water Treatment Chemicals,0.0432103851736382,88.70409115878019,3.1491818102923306,False
2023-11-01,1182352477.157,3554119508.879,3005.97290363444,Water Treatment Chemicals,-0.3086146218237432,82.02772730047053,3.0499999956651167,False
2023-12-01,1048979183.846,3078427880.907,2934.689199093718,Water Treatment Chemicals,0.0264832081162317,77.32399978637696,2.5388499975204466,False
2024-01-01,1194904205.164,3321297874.2530003,2779.5515823773953,Water Treatment Chemicals,-0.2524293938531441,79.19714319138299,2.7149999936421714,False
2024-02-01,1155695323.831,3225228801.814,2790.7258386429476,Water Treatment Chemicals,-0.0472742755491906,81.62399940490722,1.7955000042915343,False
2024-03-01,1254424033.622,3047820344.7,2429.6571677599172,Water Treatment Chemicals,-0.493497409111821,84.66549949645996,1.747299998998642,False
2024-04-01,1218337902.776,3077186910.55,2525.725337394976,Water Treatment Chemicals,-0.2309326868130081,88.99999930641867,1.7912272702563892,False
2024-05-01,1314821249.38,3596215397.9960003,2735.1363538517385,Water Treatment Chemicals,-0.2033478171784511,82.99181851473722,2.4179999990896746,False
2024-06-01,1218257802.469,3358471889.7200003,2756.782581579617,Water Treatment Chemicals,-0.0430936209695166,82.88947416606702,2.809578958310579,False
2024-07-01,1261900460.747,3557838948.53,2819.4291540426943,Water Treatment Chemicals,-0.4511907316148601,83.71772731434216,2.208681805567308,False
2024-08-01,1301674695.932,3629217657.063,2788.1141643185115,Water Treatment Chemicals,-0.047973088844635,78.87500138716264,2.0856363664973867,False
2024-09-01,1046819475.536,2781289805.009,2656.8953578026467,Water Treatment Chemicals,-0.2044249374254845,72.6384994506836,2.409250020980835,False
2024-10-01,1335036358.172,3302196836.107,2473.4883180474103,Water Treatment Chemicals,-0.1499787409417042,75.37695710555367,2.5769565209098486,False
2024-11-01,1271520464.673,3187639048.816,2506.9506448217276,Water Treatment Chemicals,0.0819272960245834,73.40699996948243,2.982000005245209,False
2024-12-01,1302299957.685,3175653105.727,2438.4958987268324,Water Treatment Chemicals,-0.1861412934979107,73.12857164655414,3.406619049253918,False
2025-01-01,876569207.9760001,2611710546.5950003,2979.468731996011,Water Treatment Chemicals,-0.3314220862446618,78.26333436511811,3.7213809490203857,False
2025-02-01,830954385.174,2561653505.633,3082.784748884375,Water Treatment Chemicals,-0.2879886631843683,74.94052605879934,3.740947372034976,False
2025-03-01,641362597.002,2361137883.393,3681.439944315364,Water Treatment Chemicals,-0.0117229881758308,71.46714237758091,4.137476239885602,False
2025-04-01,826191233.566,2988128123.6689997,3616.751185765631,Water Treatment Chemicals,-0.2490541782256287,66.45666703723725,3.425761881328764,False
2025-05-01,834492619.899,2820205078.224,3379.5446610005174,Water Treatment Chemicals,-0.4097498653378831,63.97047624133882,3.4608095600491477,False
2025-06-01,625493580.895,2077436216.58,3321.27503787882,Water Treatment Chemicals,-0.3359557568415762,69.35,3.643649995326996,False
2025-07-01,686782788.086,2315170734.831,3371.037793889923,Water Treatment Chemicals,0.0668594379294567,69.55304353133492,3.306130429972773,False
2025-08-01,591435421.866,1984388449.259,3355.2073073306683,Water Treatment Chemicals,-0.0969795893564859,67.2614284697033,2.888523817062378,False
2025-09-01,774919496.084,2699150731.764,3483.136952165953,Water Treatment Chemicals,0.011308900191124,67.54857054210845,3.0097618897755942,False
2025-10-01,699015158.886,2286072591.811,3270.419192988957,Water Treatment Chemicals,-0.1278142691879212,63.95391298376995,3.3532608695652173,False
2025-11-01,305563136.479,1242524777.311,4066.3438385552554,Water Treatment Chemicals,-0.2375150467857625,63.67947367617958,4.46726309625726,False
2025-12-01,172643727.94799998,751379201.352,4352.1951841674445,Water Treatment Chemicals,0.0697123741945852,61.62863592668013,4.394227277148854,False
2026-01-01,,,3706.140096927203,Water Treatment Chemicals,-0.1154751531180712,69.40684268349095,3.1292631375162223,False
2026-02-01,,,3722.160364905592,Water Treatment Chemicals,-0.1154751531180712,69.40684268349095,3.1292631375162223,False
2026-03-01,,,3692.8799334224623,Water Treatment Chemicals,-0.1154751531180712,69.40684268349095,3.1292631375162223,False
2026-04-01,,,3730.464130978009,Water Treatment Chemicals,-0.1154751531180712,69.40684268349095,3.1292631375162223,False
2026-05-01,,,447.0380650787806,Acetic Acid,-0.1199594874099645,69.40684268349095,3.1292631375162223,True
2026-05-01,,,1434.5842458622808,Formates,-0.3559126287330841,69.40684268349095,3.1292631375162223,True
2026-05-01,,,343.6219727886642,KCL,-0.4544820031348016,69.40684268349095,3.1292631375162223,True
2026-05-01,,,354.30639938142195,PAC,-0.4226721668536105,69.40684268349095,3.1292631375162223,True
2026-05-01,,,258.91771508821313,Sulphur,-0.4231724966253365,69.40684268349095,3.1292631375162223,True
2026-05-01,,,122.04709015190184,Sulphuric Acid,-0.4088583838926234,69.40684268349095,3.1292631375162223,True
2026-05-01,,,433.1501804576695,Urea,-0.4167036964103539,69.40684268349095,3.1292631375162223,True
2026-05-01,,,3707.888604103718,Water Treatment Chemicals,-0.1154751531180712,69.40684268349095,3.1292631375162223,True
